sale_id,customer_id,amount,ts
2,1001,102.7340068590826,2024-03-28
3,1001,305.80686821430163,2023-12-17
4,1001,72.38533462692018,2024-06-16
5,1001,266.419421636732,2024-03-20
6,1002,135.87910697325918,2024-05-14
7,1002,296.6676839346368,2024-05-16
8,1002,111.44943180961384,2024-06-02
9,1003,180.12141228493587,2024-02-19
13,1003,540.1838121493264,2024-05-12
14,1004,93.65253170998302,2024-04-01
16,1004,457.4659718729265,2024-05-08
22,1005,204.6487481693381,2024-01-10
23,1005,159.00201592736843,2024-03-09
24,1005,376.43963893744433,2024-03-24
26,1005,251.3119763735044,2024-01-07
27,1005,126.26159421854402,2024-02-08
28,1005,228.26913591317935,2024-01-24
33,1006,482.4296368344506,2024-01-12
34,1006,151.58675952720785,2024-04-17
37,1006,59.79280659579783,2024-02-25
39,1007,100.69098470538466,2023-12-27
40,1007,77.5615021545045,2024-04-05
41,1007,155.46505576367716,2024-03-01
42,1007,88.52008533510858,2024-02-05
43,1007,258.7096857352078,2024-01-11
44,1007,466.6828870437449,2024-04-09
48,1008,107.81877610376785,2024-03-22
49,1008,105.76988076536574,2024-06-08
50,1008,81.3509056060706,2024-04-11
52,1009,104.98997593201756,2024-06-05
53,1010,299.06748103167433,2024-05-29
54,1010,172.88947300857765,2024-06-25
57,1011,165.52458821142082,2024-03-14
59,1011,197.8260077137353,2024-03-27
61,1011,113.68415623558852,2024-01-24
62,1011,186.11789105839665,2024-05-21
63,1011,93.29126498039386,2024-03-17
64,1011,70.33061382134298,2024-04-01
67,1011,198.06703599828583,2024-03-25
68,1011,169.7506192709718,2024-03-29
72,1013,68.23466613185789,2024-03-01
73,1013,80.61499687673816,2024-03-31
75,1014,96.7656939760438,2024-02-20
76,1014,158.19969645903797,2024-03-10
77,1014,120.8303437029431,2024-03-23
78,1014,118.76366148744977,2024-01-15
79,1014,260.18867369110075,2024-01-28
80,1015,318.2804960356801,2024-04-26
82,1015,193.74793050107252,2024-05-02
90,1016,82.51468961508492,2024-04-26
93,1017,102.83125237046684,2024-04-08
94,1017,63.81596166460683,2024-05-21
95,1017,199.53521569539132,2024-02-22
96,1018,165.81980292783126,2024-06-09
97,1018,485.42093035849217,2024-05-24
99,1018,95.93949136883386,2024-04-04
101,1019,242.52161508662095,2024-05-16
102,1019,160.82367726010705,2023-12-18
105,1019,315.27764879472494,2024-05-12
106,1019,86.7678029127503,2024-03-16
107,1019,174.2045458262809,2024-04-17
109,1020,81.15252950028416,2024-01-08
111,1020,267.8945516486332,2024-05-06
112,1020,130.53047096144303,2024-04-12
118,1020,105.37782487062016,2024-06-25
119,1020,375.5918771608867,2024-03-15
122,1020,181.39447397101992,2024-01-28
124,1021,88.04658546710482,2024-05-06
126,1021,288.6520975817963,2024-05-17
127,1022,185.1569762064805,2024-05-30
128,1022,117.2134594887892,2023-12-15
129,1022,233.22008101000796,2024-04-19
133,1022,119.36972777843738,2023-12-20
134,1022,164.8083958090065,2024-04-15
135,1023,379.6745420834736,2023-12-28
136,1023,142.67222170727896,2023-12-10
137,1023,193.25463468615905,2024-02-13
138,1023,109.81174223499224,2024-05-07
140,1024,74.57645365684924,2024-04-26
141,1024,182.29663224679533,2024-02-21
142,1024,195.20532073910655,2024-06-05
144,1024,199.30628063845512,2024-05-08
145,1024,160.27044169527105,2024-02-27
146,1025,98.62936192012856,2024-01-22
147,1025,237.8119166786374,2023-12-16
148,1025,191.57407282033856,2024-02-23
149,1026,127.9569104950909,2024-03-08
150,1026,98.5741888728016,2024-03-26
151,1027,225.63846098168335,2024-03-17
152,1027,187.9340740253792,2024-01-03
154,1027,167.09454046666426,2024-03-11
156,1028,108.0313062141156,2024-02-17
157,1028,48.49210896796039,2024-05-29
159,1028,283.49897285045097,2024-05-23
160,1028,145.023372385937,2024-04-04
163,1029,74.19221096432192,2024-01-10
164,1029,179.74406991455297,2024-04-28
166,1030,126.03534931202738,2024-05-27
169,1030,137.20146819141698,2024-03-13
170,1030,79.76039526179989,2024-03-04
172,1030,194.71188148505837,2024-03-07
176,1031,302.5414168593037,2024-01-23
177,1031,142.81027370696108,2024-04-28
178,1031,180.77577410209432,2024-03-26
179,1031,302.9846952037032,2024-01-26
180,1031,71.05365606948531,2024-06-18
181,1031,68.93654542383857,2024-03-18
182,1031,55.35436792344839,2024-02-12
183,1032,64.47364398730637,2024-01-03
184,1032,55.29932773844219,2024-04-10
185,1032,234.0084331643182,2024-05-20
187,1032,88.02813068256248,2024-02-25
188,1032,82.22312387297164,2024-03-16
189,1032,103.33807148773494,2024-05-20
190,1032,57.27779178346494,2024-05-07
194,1033,232.95040859064264,2023-12-10
195,1033,171.34626952885407,2024-05-02
198,1033,393.08974217031886,2024-01-22
200,1034,93.37443427537588,2024-05-23
202,1035,80.73288277262688,2024-06-19
204,1036,528.8546179391404,2024-03-24
205,1036,164.28726221266578,2024-05-10
206,1036,63.54646063184431,2024-06-03
207,1036,77.06215786421201,2024-06-18
208,1036,122.75063382230336,2024-03-16
209,1036,166.53899228388883,2024-04-16
211,1037,541.0144011126488,2024-01-24
212,1037,75.27350303908193,2024-02-29
214,1037,298.8021498986578,2024-06-21
215,1038,78.33008857370511,2024-03-02
219,1038,83.10374644664782,2024-04-14
220,1038,190.6261687765193,2024-02-16
223,1038,59.11122414135191,2024-03-05
224,1038,256.58529656743576,2024-02-03
225,1038,109.47927517341368,2024-02-12
226,1038,73.50657716802598,2024-05-26
227,1039,158.4291322398403,2024-06-05
229,1040,133.78477661397594,2023-12-28
230,1040,414.4801515251589,2024-02-16
235,1041,304.98065390215504,2023-12-18
237,1041,269.7858811175533,2024-06-06
239,1041,195.1039831281012,2024-06-10
240,1041,544.0283758261174,2024-06-19
241,1041,371.32624985677467,2024-04-08
245,1042,307.4273695109891,2024-06-03
246,1042,136.45218890483503,2024-04-28
250,1043,115.15888958711068,2024-05-26
255,1043,211.33280556584975,2024-02-12
256,1043,250.61715595836012,2024-01-30
257,1043,298.8462283323693,2024-04-14
258,1043,105.2355653675373,2024-02-24
259,1043,453.4066288781542,2024-03-31
260,1043,460.3415839213077,2024-06-21
261,1043,289.9015063508705,2024-03-01
262,1044,100.5284380510966,2024-04-06
265,1045,275.82824417489707,2023-12-19
266,1045,132.03048923166995,2024-06-20
267,1045,26.5022703319311,2024-05-24
269,1046,363.4396074575959,2024-06-04
270,1047,126.13160416627186,2024-03-13
272,1047,202.2619279815314,2024-02-01
274,1048,733.5600119154059,2024-05-22
275,1048,141.2330452194184,2024-03-17
277,1048,429.1976143626539,2024-02-17
278,1048,79.78825420796686,2024-03-06
279,1049,159.74873739518205,2023-12-30
281,1049,252.11009229301004,2024-02-13
282,1050,141.64128249207212,2024-05-12
285,1050,131.66789377534832,2024-04-27
292,1050,178.1303795825484,2023-12-25
293,1050,140.51279163095742,2024-02-16
296,1051,85.33237192984853,2024-05-05
298,1051,111.6152630220788,2024-05-12
300,1052,246.76908141599552,2024-05-28
304,1052,117.6970522854426,2024-03-16
305,1054,191.90256657804144,2024-05-30
308,1055,200.46837466549655,2024-03-08
309,1055,201.68792150771304,2024-02-07
310,1055,338.3886635752448,2024-04-10
311,1056,159.79997614801687,2024-04-26
312,1057,206.62203897816045,2023-12-11
313,1057,194.65329597698587,2024-02-24
316,1057,104.9497793563772,2023-12-17
319,1058,161.890567674937,2024-04-20
320,1058,102.63061508890868,2024-01-19
322,1058,110.54664184864131,2024-01-08
325,1058,153.70122223136903,2024-05-22
326,1058,94.92902204285826,2024-02-02
327,1058,45.80374536685725,2024-03-30
331,1059,105.92159854233132,2024-04-21
332,1059,130.90434632357417,2024-05-05
334,1059,175.58033637538028,2024-02-25
337,1059,207.79492768460784,2024-02-15
338,1059,124.30171667761796,2023-12-24
340,1059,194.14982513082205,2024-03-17
341,1059,217.63746216845476,2024-03-17
343,1059,45.25984039402052,2024-01-04
344,1059,232.46650582235677,2024-02-10
345,1060,59.459013594047065,2024-02-22
346,1060,171.49515206667976,2024-05-22
347,1060,174.4217408856772,2024-06-16
350,1060,143.90649751280768,2023-12-14
351,1060,41.20647777779025,2024-01-20
353,1061,480.2170476608656,2024-04-17
354,1061,128.4001235840343,2023-12-19
355,1061,262.92663193309744,2023-12-12
356,1061,201.9158955544163,2024-05-28
357,1061,225.48682094793423,2024-06-02
358,1061,301.7118117253189,2024-04-12
359,1061,98.97754784953716,2024-01-28
360,1061,136.0862393406921,2024-06-22
361,1062,81.54720847915962,2024-01-26
363,1062,58.88133659828658,2023-12-27
364,1062,137.069759857898,2024-04-08
366,1063,165.72167537850927,2024-03-21
367,1063,146.15320380790666,2024-06-10
368,1063,51.34432720090149,2024-04-18
371,1064,134.86081719993868,2024-06-15
373,1065,166.48482485846912,2024-05-18
374,1065,154.62802246485546,2024-05-15
375,1065,114.10671482121822,2024-06-13
376,1065,161.39684079117552,2024-03-02
378,1066,63.44043403422086,2024-04-26
379,1066,375.70334366015385,2024-04-24
380,1066,93.9869059374332,2024-01-13
383,1066,31.899802058945397,2024-01-30
384,1066,132.34118760542978,2024-02-17
387,1067,221.87894455914872,2024-04-24
388,1067,222.7789072638123,2023-12-20
393,1067,187.9097010882439,2024-04-15
395,1068,77.21177183468365,2024-04-18
399,1069,152.74606972237507,2024-05-18
400,1069,181.110314493924,2024-04-05
403,1069,141.0431834228237,2024-06-04
405,1071,92.0468399321482,2024-02-24
407,1071,66.25635056002383,2024-06-05
409,1071,189.40479293959308,2024-06-15
412,1072,487.8615911400441,2024-06-04
417,1073,109.67178156230548,2023-12-13
418,1073,141.32841919872365,2024-01-31
420,1073,80.32514363786385,2024-05-24
422,1074,348.42462300906845,2024-03-18
423,1074,208.73972378974807,2024-06-12
424,1074,158.09333595858251,2024-04-08
425,1074,151.41081252565496,2024-06-04
429,1075,96.78610923190422,2024-06-14
430,1075,353.06502010088406,2024-05-15
431,1075,166.6547744033704,2024-05-15
434,1076,214.9066117360724,2024-03-28
435,1076,154.75575645731612,2024-05-04
436,1077,101.1031500730412,2024-06-13
437,1077,114.50944360596176,2024-05-08
438,1077,134.55963929962334,2024-04-22
439,1078,129.25142926577666,2024-03-08
440,1078,85.239088466095,2024-02-02
442,1078,62.19116004493674,2024-04-28
444,1078,126.09138650829716,2024-04-25
446,1079,74.51809834950507,2024-04-03
447,1079,152.36330868841748,2024-01-28
449,1079,146.33063863981988,2024-05-04
451,1079,424.00716027196734,2024-02-06
452,1079,339.9751229755308,2024-05-19
454,1080,98.06939777418305,2024-01-14
455,1080,92.611042168127,2024-03-16
456,1080,64.80438287998383,2024-06-15
459,1080,117.6508817845155,2023-12-17
460,1080,144.4239785683899,2024-02-27
461,1080,423.91566049382186,2024-06-06
463,1080,161.00431314221095,2024-05-01
464,1080,163.84913338507732,2023-12-15
465,1080,40.98140300132627,2024-03-07
466,1080,204.32257203595623,2024-06-15
469,1081,197.1922706841766,2024-04-11
470,1081,85.12930381950609,2024-05-21
472,1083,519.6033145002667,2024-03-16
473,1083,272.908576640778,2024-03-02
474,1083,128.4142492057947,2024-04-09
475,1084,144.39893648105152,2024-06-17
476,1084,160.64750480497003,2024-05-10
477,1084,313.155178492013,2024-05-22
478,1084,160.64750480497003,2024-02-25
479,1084,181.31515738179905,2024-02-13
483,1085,427.09794165113385,2024-01-14
485,1085,174.35969739999837,2024-06-21
486,1085,367.8979388429573,2024-04-01
487,1085,74.69723981325352,2024-06-20
488,1085,153.60343944329313,2024-05-29
492,1086,151.20354944835296,2024-01-19
493,1086,258.7761247826882,2024-06-18
494,1086,76.77426520452302,2024-04-20
495,1086,195.962590312244,2024-05-12
496,1086,65.34737795270797,2024-06-25
499,1088,80.63962248722702,2024-06-22
500,1088,128.19489406348427,2024-06-13
501,1088,215.56058225385425,2024-04-27
503,1088,172.3599732217044,2024-04-16
504,1088,277.84213271220216,2024-06-03
505,1088,200.3204780306945,2024-01-21
506,1089,64.0982008146713,2024-05-04
508,1089,68.98825196479396,2024-04-25
509,1089,71.98083329609489,2024-04-20
510,1089,185.6932208262802,2024-05-02
512,1090,381.38594260359935,2024-02-02
515,1090,176.4773180501654,2023-12-14
516,1090,155.22346071926495,2024-01-01
518,1090,94.82688746308172,2024-02-19
521,1091,145.63980694963314,2024-01-04
522,1091,89.20551093727045,2024-06-21
523,1091,183.07209092357837,2024-03-04
526,1091,101.35865791576911,2024-03-29
529,1092,110.50528024526362,2024-02-14
530,1092,182.53957538307225,2024-03-26
531,1092,177.2169508903999,2024-04-23
532,1092,59.74075616739382,2024-03-27
533,1093,188.84684922912012,2024-03-22
536,1093,310.2530644811902,2024-02-15
538,1094,41.57836286085707,2024-02-26
540,1095,341.38219869531287,2024-03-05
541,1095,100.43395674042242,2024-03-05
542,1096,148.5776285951968,2024-05-23
543,1097,231.76309037455204,2024-05-05
545,1097,200.9874692465167,2024-01-05
546,1097,166.91874684997632,2024-05-06
548,1098,204.39216190350163,2024-02-10
550,1098,132.38285437001323,2024-04-05
551,1098,55.17886164841254,2024-02-11
552,1098,149.29561980421488,2024-06-01
553,1099,53.280441386214015,2024-04-30
555,1099,109.7971854470122,2023-12-09
557,1099,142.93661580529078,2024-03-13
559,1100,165.06366880933368,2024-06-20
561,1100,191.33104911658748,2024-04-05
562,1100,517.2154621970736,2024-03-26
564,1100,194.4924477393033,2024-05-11
565,1100,198.6653545279971,2024-04-12
567,1100,104.56829558373978,2024-01-11
568,1100,276.7258515781948,2024-02-18
571,1101,120.8403773799058,2024-03-24
572,1101,164.3960182762508,2024-04-12
574,1101,43.3815932662467,2024-06-25
576,1101,92.73517842083652,2024-04-28
579,1102,95.600705781866,2024-03-13
581,1102,230.2903039875297,2024-02-05
582,1102,130.5772060197152,2024-02-25
583,1102,148.04048033324366,2024-03-28
585,1102,325.31929604032325,2024-05-24
586,1102,73.16447696875088,2024-01-25
588,1103,121.28859666013342,2024-02-01
589,1103,278.4460365191894,2024-01-22
592,1104,139.24947431656267,2024-06-15
593,1104,182.4781665324672,2024-04-03
594,1104,141.93636746292086,2024-05-17
596,1106,219.86734083424932,2024-02-28
597,1106,70.63628872634052,2024-01-23
598,1106,158.48264358088778,2024-06-05
600,1106,51.87841023961567,2024-01-22
601,1107,118.47520144736244,2024-05-04
602,1107,301.6935317088491,2024-01-10
604,1107,444.86555860672325,2024-02-19
605,1107,227.60853858887,2024-02-04
607,1107,83.8148476641532,2024-03-22
609,1108,229.8312843259954,2024-06-08
610,1108,79.64988204371855,2024-05-31
611,1108,89.28999292784447,2024-04-09
613,1108,352.8255464836899,2024-04-19
614,1108,39.49399720914246,2024-04-30
615,1109,193.40458518162092,2024-01-27
616,1109,95.59363914790993,2024-05-13
617,1109,152.56666504343028,2024-05-05
618,1109,162.20381339888598,2023-12-09
619,1109,128.65491445761137,2024-04-19
620,1109,152.56666504343028,2024-05-01
623,1110,157.50906365895028,2024-03-07
624,1110,89.56573566396897,2024-01-21
625,1110,145.63341460504333,2023-12-25
627,1110,90.86462073288904,2023-12-29
628,1110,55.72552790301638,2023-12-25
629,1111,518.8569555790103,2023-12-14
631,1111,88.9449835208916,2024-04-02
632,1111,156.20520196686377,2024-04-02
633,1111,484.2099348820399,2024-04-21
634,1111,146.68959866464064,2024-04-12
635,1111,91.71695376381308,2024-04-01
637,1111,118.56861640714357,2024-01-10
638,1112,135.18721334516275,2024-01-03
639,1112,74.29179820473733,2024-04-28
640,1112,53.924956830809016,2024-01-30
641,1112,108.253120630545,2024-02-09
642,1112,165.11629829342715,2024-04-25
643,1112,354.4461849569725,2024-02-22
645,1112,544.0459121797674,2024-05-26
646,1112,303.1807482716852,2024-01-05
647,1113,201.009776283275,2024-04-06
648,1114,362.6607647677314,2024-05-22
649,1114,223.46207079517777,2024-03-07
650,1114,160.08529103906514,2024-06-23
652,1114,116.530659092725,2024-04-07
655,1115,68.51244650201077,2024-04-16
656,1115,176.90790550495677,2024-06-06
657,1115,138.80841925837953,2024-05-01
658,1117,91.56234546800026,2024-03-29
659,1117,164.8724372561514,2024-03-23
662,1118,127.91255498035416,2024-03-22
663,1118,76.08783986255762,2024-05-03
665,1120,242.0878346650676,2024-03-19
666,1120,144.19216593506047,2024-01-07
669,1121,127.7259943249657,2024-05-11
670,1121,78.10264366716989,2024-03-09
671,1121,81.39897428187544,2024-05-05
673,1121,30.68459649717495,2024-05-02
674,1122,108.5444042380777,2024-05-29
675,1122,56.101553643583536,2024-06-12
676,1122,192.5295276841666,2024-06-18
677,1123,269.4432664999355,2024-02-29
679,1123,39.88686122309668,2024-04-16
681,1124,58.34758584650748,2024-03-22
684,1124,58.098875034877246,2024-04-25
686,1124,270.33215851032224,2024-05-06
687,1124,219.1372879266208,2024-05-21
690,1124,296.00150250922064,2024-06-04
691,1124,207.64300508911757,2024-01-29
692,1124,166.08891386421968,2024-06-07
693,1125,109.85688101833549,2024-05-30
694,1125,63.38099460199456,2024-06-13
695,1125,60.04458006325061,2024-06-01
699,1125,149.05376505363554,2024-05-07
700,1126,42.44093756222362,2024-05-16
703,1126,659.2573340480142,2024-05-21
706,1126,279.89680543710733,2024-05-23
709,1126,191.41428622571055,2024-01-22
711,1127,58.4366534729691,2024-04-30
714,1128,223.12795833636525,2024-05-22
716,1129,113.41631250739644,2024-05-05
718,1129,146.44246376209955,2024-06-03
722,1129,94.08307132574292,2024-03-22
723,1130,196.0994479646958,2023-12-27
725,1130,210.96652682166064,2024-03-18
726,1131,115.87959861195446,2023-12-15
727,1131,198.91207454557005,2024-03-18
728,1131,88.1607326646815,2024-03-03
729,1131,163.70127687093088,2024-04-24
730,1131,72.43037368758817,2024-01-30
732,1131,190.0458761834136,2024-01-22
733,1131,326.6430208938966,2024-06-06
734,1132,105.70933733662038,2024-04-20
735,1132,113.76592813930064,2024-04-06
737,1132,82.17764926422957,2024-04-07
738,1132,344.800296094139,2024-02-19
740,1132,76.37885645645463,2023-12-25
742,1133,131.99523049154834,2023-12-22
744,1133,91.44301672173276,2024-03-21
746,1134,212.17710993164292,2024-05-30
747,1134,142.815464878578,2024-01-04
749,1134,91.83887619822823,2024-06-24
750,1134,47.23800303719707,2024-06-17
751,1134,192.0209525005907,2024-05-29
752,1134,186.37928964642683,2024-01-26
753,1134,328.7374031873618,2024-06-01
756,1136,72.78579110011988,2024-05-24
757,1136,153.8613076214328,2024-06-08
759,1137,202.1836803663334,2024-02-05
760,1137,89.96591838312825,2023-12-27
761,1137,211.28155072495355,2024-05-02
762,1137,141.1246647730002,2024-03-12
763,1137,119.07550127394909,2024-05-23
764,1137,97.23266331976494,2024-04-07
765,1137,155.4291319801943,2024-04-13
766,1138,159.883213874283,2024-06-21
767,1138,94.049894261015,2024-02-07
769,1138,145.78821807658375,2024-05-27
771,1139,82.18757414447629,2024-03-03
773,1139,111.21883270032984,2024-02-08
774,1139,225.36037741689563,2024-02-12
775,1139,98.77199994518462,2023-12-31
776,1139,122.61599542125148,2024-06-07
777,1140,83.2501502182189,2024-06-04
781,1141,109.8649975511842,2024-03-31
783,1142,73.40839235878774,2023-12-29
785,1142,325.9358225625671,2024-03-25
786,1142,129.7239352500227,2024-03-16
788,1142,348.0348339639627,2023-12-31
790,1142,104.17405918042056,2024-01-20
792,1143,252.57663639757672,2024-02-10
793,1143,69.21015038457544,2023-12-19
794,1143,139.9050824743465,2024-04-01
795,1143,87.49201624079751,2024-04-06
797,1143,138.8664199943855,2024-04-30
798,1143,117.57238281620936,2024-03-02
799,1144,268.83552016117613,2024-03-20
800,1144,130.28460868756153,2024-03-23
801,1144,126.31926457553496,2024-03-06
803,1144,58.810362304966674,2024-06-12
805,1144,440.559107494643,2024-02-25
806,1144,120.81647794957196,2024-05-21
807,1145,134.8348082115421,2024-06-05
808,1145,260.31761198302166,2024-01-21
809,1145,222.8076876197932,2024-01-01
810,1145,165.59044950858626,2024-02-13
811,1145,82.16063049391616,2024-03-31
812,1146,82.94301188816124,2023-12-20
816,1146,150.63476361994594,2024-05-11
817,1146,489.3120358776378,2023-12-15
819,1147,89.0592711320791,2024-01-19
820,1147,47.1754128525691,2024-06-17
821,1147,94.09416189385732,2024-06-23
822,1147,96.28275874788427,2024-04-25
825,1147,140.46753374352028,2024-01-15
826,1148,87.12451419202227,2024-01-20
827,1148,81.1294275282272,2024-02-27
828,1148,104.3951886248026,2024-01-29
830,1148,76.22919687912852,2024-05-05
831,1148,201.37423124091168,2024-05-28
832,1148,114.64202049132167,2024-02-16
835,1149,199.70142822820424,2024-03-04
836,1149,186.80420174851747,2024-05-09
837,1149,146.65396302863874,2024-05-14
838,1149,139.16233654797972,2024-06-07
839,1149,411.4393368985537,2023-12-17
842,1149,100.75146652283428,2024-02-21
845,1150,211.63546524151644,2024-06-10
847,1150,108.26927808900795,2024-02-15
848,1150,151.32717398481543,2024-02-07
849,1150,109.9217056917447,2024-05-11
851,1150,163.08585034610326,2024-04-25
852,1152,164.96179365826146,2024-04-21
854,1152,134.45955106375249,2024-05-23
857,1152,205.3149437378824,2024-01-11
858,1152,251.0623966112884,2024-02-04
859,1152,173.68443929703932,2024-04-22
860,1153,46.07465286265072,2024-04-06
861,1153,91.68906878256396,2024-02-12
866,1153,93.9898537970169,2024-06-03
868,1153,177.31825398134907,2024-03-28
869,1154,246.1308239856338,2024-03-31
870,1154,298.1817340770161,2024-05-05
871,1154,180.1718809571092,2024-04-17
872,1155,320.63073923473087,2024-04-22
873,1155,107.73635038142466,2024-05-18
874,1156,100.25049980985754,2024-05-08
875,1156,40.37430425679808,2023-12-23
876,1156,72.49273568154742,2023-12-17
878,1156,186.3530957907683,2024-04-28
881,1157,110.76122699810072,2024-04-23
882,1157,282.7603736843808,2024-05-05
883,1158,169.01878648507935,2024-06-19
884,1158,123.7161661865364,2024-04-18
885,1158,160.66346241506733,2024-06-05
887,1158,141.50951312044174,2024-05-21
890,1159,155.50158927648982,2024-06-18
892,1159,89.15730740729312,2024-06-25
893,1159,150.93469569513223,2024-01-04
896,1160,112.56546817997884,2024-04-21
897,1160,147.6924511714163,2024-03-14
899,1161,154.57866237425827,2024-05-27
901,1161,153.47203436878507,2024-06-06
902,1161,123.24942795917536,2024-02-02
903,1161,222.0758322580442,2024-05-25
904,1162,105.25553033202794,2024-04-17
905,1162,781.5939700167716,2024-02-23
906,1162,103.95066322953384,2024-02-13
907,1162,134.7398353627069,2024-02-28
909,1162,122.83254522086354,2024-03-17
910,1163,84.38472312582016,2024-03-08
911,1163,219.50690523858864,2024-05-01
912,1163,55.76792781203235,2024-04-25
913,1163,275.76087283791185,2024-06-11
915,1164,124.4048187785238,2024-01-02
916,1164,174.60074486175327,2024-04-13
917,1164,221.35368419067663,2024-01-13
918,1164,209.93272330677385,2024-01-27
921,1165,167.2024768969835,2024-03-26
922,1165,202.4538702769412,2024-03-17
926,1166,183.94442274493588,2024-06-02
927,1166,134.41422276936595,2024-03-18
930,1167,172.38475284751638,2024-05-14
931,1167,218.6238399713396,2024-03-04
933,1167,175.46688137906105,2024-02-27
934,1167,176.78568964561518,2024-02-28
935,1168,143.86547790450365,2023-12-22
936,1168,136.75643467901477,2024-01-09
937,1168,88.56259197392205,2024-01-17
939,1168,98.9659703016886,2024-02-01
940,1168,296.8361333312657,2024-05-29
943,1169,211.18056649201205,2024-05-03
946,1169,155.30904397998918,2024-01-29
947,1169,40.16810240558406,2024-06-20
948,1169,108.02037015612218,2024-06-13
949,1169,204.10114033452592,2024-02-26
953,1169,141.80843954775733,2024-01-15
955,1170,122.83945320712309,2024-04-05
956,1170,128.65163389701462,2024-06-20
957,1171,232.69976164000795,2024-05-15
959,1171,127.4223791714676,2024-02-29
960,1171,83.09298227297255,2024-06-20
962,1172,328.70663112659287,2024-03-21
965,1172,211.12175814892495,2024-05-29
966,1172,346.71820926884527,2024-05-21
968,1173,39.8549928827324,2024-04-21
969,1173,423.6392389301666,2024-03-20
971,1173,238.4004525115978,2024-03-24
973,1173,122.57842274812596,2024-02-13
975,1174,339.3668842115828,2024-01-13
976,1174,159.0939251994728,2024-05-03
978,1174,396.0255319041385,2024-04-14
979,1174,138.5343972994078,2024-01-10
980,1174,208.52585445021077,2024-05-20
982,1174,202.93820327683207,2023-12-14
983,1175,155.39425098038456,2024-03-08
984,1175,109.1738826938096,2024-03-16
985,1175,143.345148794759,2024-05-04
986,1175,95.48125252388944,2024-02-14
987,1175,199.26580282472037,2024-03-03
989,1176,87.85811882399364,2024-03-22
990,1176,264.4383494940063,2024-01-30
999,1177,422.17741940882576,2024-06-10
1000,1177,509.1247445356856,2024-03-12
1001,1177,156.3126414339099,2024-05-22
1002,1178,115.06966305415024,2024-04-13
1003,1178,253.0260112917637,2024-01-06
1004,1178,75.71295927185841,2024-06-23
1007,1178,155.28321537070946,2024-03-08
1008,1178,80.24168637324419,2024-02-24
1009,1179,95.4991909452952,2024-04-08
1015,1181,239.56767002310724,2024-03-21
1016,1181,73.25869196956371,2024-04-10
1018,1181,51.7863579595849,2024-03-03
1021,1182,185.02783002357768,2024-03-24
1023,1182,131.5801827709166,2024-05-16
1027,1182,275.2457496095003,2023-12-20
1028,1183,121.25101779026976,2024-04-06
1029,1184,109.03398515120958,2024-05-24
1030,1184,72.28590519047928,2024-03-16
1031,1185,232.88008574723088,2024-02-12
1034,1185,191.39391557636972,2023-12-27
1035,1185,90.86642418407422,2024-01-31
1036,1185,75.16620932711555,2024-03-28
1037,1185,174.76685665243048,2024-05-31
1038,1185,190.65758184163653,2024-01-05
1039,1186,213.98318701780968,2024-05-12
1040,1186,42.61558496637714,2024-05-05
1041,1186,71.51176444059998,2024-05-29
1042,1186,336.3074960009514,2024-03-28
1043,1186,496.8158083179855,2024-02-16
1044,1187,207.96091843372656,2024-06-09
1045,1187,126.96288379006496,2024-04-06
1046,1187,100.09723082289018,2024-06-22
1049,1189,173.07107762018953,2024-02-12
1050,1189,303.6836709469368,2024-06-17
1051,1190,173.5548869415472,2024-05-27
1052,1190,146.21825451100742,2024-02-24
1053,1190,189.57299454661475,2024-05-24
1054,1190,183.64698788836003,2023-12-21
1055,1190,101.7896649841424,2024-02-19
1057,1190,110.68278625521204,2024-06-19
1059,1191,694.5034921649234,2024-05-17
1062,1191,407.77473456383416,2024-03-06
1065,1193,195.17593861724143,2024-04-17
1066,1194,127.69744804191974,2024-03-30
1067,1194,256.0281621455096,2024-04-14
1068,1194,116.1888765578702,2024-06-08
1071,1195,98.33402934966948,2024-02-02
1073,1195,143.4197004581493,2024-06-20
1075,1195,168.87054910298986,2024-01-17
1076,1196,235.08115914900665,2024-01-26
1077,1196,101.77936853793032,2024-04-21
1079,1196,45.5861964591006,2024-06-07
1081,1197,132.9561765478085,2024-02-21
1082,1197,146.66094018482457,2024-03-16
1084,1198,71.86904801443389,2024-04-08
1085,1198,383.2789951931759,2024-03-19
1088,1199,248.47366846129,2024-04-15
1090,1201,309.3146646905851,2024-03-03
1091,1201,326.7858209713657,2024-05-31
1092,1201,168.3925362639302,2024-04-08
1093,1202,397.11994700179065,2024-06-13
1094,1202,73.04576065198671,2024-01-19
1096,1202,145.2399755998565,2024-02-25
1097,1202,188.46881788662864,2024-06-20
1098,1202,127.5754456896314,2024-03-09
1101,1202,149.03460600792434,2024-04-16
1102,1202,91.68100170704888,2024-04-21
1103,1202,118.02215881013925,2024-01-01
1104,1203,366.3080597366096,2024-01-09
1107,1203,134.10299191426583,2024-05-21
1109,1203,248.19078554233843,2024-05-11
1111,1204,144.0122606594163,2024-05-03
1112,1204,70.10232001029112,2024-04-17
1113,1205,121.04284761223109,2024-04-14
1115,1205,103.07519031159929,2024-03-31
1116,1205,380.2806214638061,2024-05-18
1117,1205,87.75023637749153,2024-02-15
1118,1205,91.51658448589964,2024-01-17
1119,1206,320.6738631821575,2024-03-23
1120,1206,17.755323118427853,2024-03-17
1130,1206,141.88437204962636,2024-02-21
1131,1206,319.9386195953015,2024-04-30
1132,1206,126.64743286955212,2024-03-13
1133,1207,56.02269355664293,2024-05-21
1134,1207,118.87276486908934,2024-06-21
1135,1207,39.449900861137046,2024-01-20
1136,1207,129.23703008981758,2024-04-22
1138,1207,125.37693866166404,2024-03-27
1139,1207,150.2424466584597,2024-04-15
1146,1209,122.57121238877627,2024-03-28
1151,1209,133.8860350762839,2024-05-16
1152,1209,193.6287873641322,2024-03-18
1154,1210,225.2534790925388,2024-03-11
1155,1210,446.0902213183929,2024-02-05
1157,1210,51.48709000149369,2024-04-25
1159,1210,47.332406318489525,2024-05-10
1160,1210,353.0632844872361,2024-05-03
1161,1210,60.57571880814497,2024-04-06
1162,1211,41.49742804013418,2024-05-10
1163,1211,92.4520794385624,2024-02-19
1164,1211,126.87723097218328,2024-05-01
1165,1213,56.22264612585729,2024-05-17
1166,1213,186.50664021481492,2024-03-15
1167,1213,61.11355712017932,2024-04-09
1168,1213,404.7864088597997,2024-02-23
1169,1214,142.29007890435597,2024-03-06
1172,1214,26.05713617333006,2024-02-02
1173,1214,128.90109915332536,2024-06-22
1176,1215,76.75151679452016,2024-04-11
1177,1215,135.00270123358956,2024-06-15
1178,1215,107.59249787304412,2024-05-24
1179,1215,519.4633240579345,2024-04-02
1180,1216,226.92712477838535,2024-04-04
1181,1216,226.2949163192914,2024-06-12
1182,1216,108.13591231993858,2024-01-28
1183,1216,66.41785133678997,2024-04-18
1184,1216,130.3015012748586,2024-06-23
1185,1216,266.5143335537881,2024-05-21
1186,1217,148.4804507020531,2024-03-31
1188,1217,393.05675425952376,2024-03-14
1189,1217,91.99478220383902,2024-05-25
1190,1217,152.1025324818402,2024-05-23
1194,1219,104.8350015410958,2024-05-30
1196,1219,169.99312413052945,2024-04-26
1198,1221,401.56289936827983,2024-04-04
1199,1221,242.7760561957053,2024-06-24
1200,1221,242.3501841743428,2024-02-22
1201,1222,724.3010684115832,2024-03-12
1203,1222,165.3463926297821,2024-02-24
1205,1222,165.8331802880355,2024-04-05
1206,1222,194.73775576985508,2024-01-04
1207,1222,66.55701174260317,2024-06-01
1209,1223,202.15952109206154,2024-02-03
1210,1223,177.9904622571691,2024-05-31
1215,1223,120.67892818459174,2024-05-27
1216,1224,48.27034788380815,2024-05-31
1218,1224,70.84216450081823,2024-05-19
1219,1224,90.56088242007895,2023-12-13
1220,1224,127.51703153810682,2024-05-17
1221,1224,150.96953614113758,2024-01-01
1222,1225,150.36079328609435,2024-03-31
1226,1226,120.69275223762168,2024-02-05
1228,1226,253.15604470684332,2024-05-24
1230,1228,71.8013611899307,2023-12-20
1231,1228,29.14934555828392,2023-12-18
1232,1228,135.68371931892682,2024-04-17
1234,1229,266.22533440396546,2024-04-24
1235,1230,149.5056416710919,2024-01-25
1236,1230,72.38511212614243,2024-02-27
1237,1230,202.84733914530992,2024-02-27
1238,1230,121.91402998416136,2024-06-20
1239,1231,428.4674174987891,2024-05-07
1241,1232,50.297619978913815,2024-03-05
1242,1232,285.96624675877314,2024-04-22
1243,1232,182.42163579242015,2024-01-18
1246,1233,183.9978329919968,2024-02-01
1247,1233,71.84282690662106,2024-04-21
1248,1233,153.55288109969214,2024-05-25
1249,1234,120.53462474524012,2023-12-25
1251,1234,46.13604425378316,2024-05-09
1252,1234,266.953552715365,2024-05-11
1253,1234,70.54474522153922,2024-02-12
1254,1234,213.7280052786071,2024-02-21
1256,1234,147.73004716039634,2024-01-27
1258,1235,144.44896558184453,2024-05-16
1259,1235,266.1392243030384,2024-05-16
1261,1235,147.23063337021793,2024-04-19
1262,1235,120.82896917863414,2024-03-27
1263,1235,255.9032628849426,2024-05-26
1264,1236,201.11008908203755,2024-05-08
1265,1236,133.88695274324323,2024-05-25
1266,1236,286.88772170123934,2024-03-13
1267,1237,148.2162562760534,2024-05-29
1268,1237,380.2401468944354,2024-04-30
1269,1237,99.38871739161831,2024-05-25
1270,1237,108.32243621207584,2024-04-18
1271,1237,231.0364656634856,2023-12-13
1272,1237,97.17102706439374,2024-01-15
1273,1237,152.45826984799504,2024-01-24
1274,1237,204.37655734724268,2024-05-15
1276,1238,206.2060264178172,2024-02-24
1278,1238,444.7880151055277,2024-06-20
1279,1238,82.7170430398276,2024-04-21
1282,1238,103.82907923538689,2024-01-12
1283,1238,108.65037153143363,2024-01-01
1284,1238,70.31459056587526,2023-12-15
1287,1239,160.391997617443,2024-03-23
1288,1239,35.57191907907477,2024-05-26
1289,1240,263.6958524347543,2024-03-19
1290,1240,220.99219211539796,2024-05-17
1291,1240,309.9355253942932,2024-01-29
1294,1240,127.12523343534896,2024-04-12
1296,1240,348.8969614618384,2024-01-04
1297,1240,409.6929363925048,2024-04-03
1299,1242,185.4975393142524,2024-06-09
1301,1244,57.53182199786664,2024-04-09
1303,1244,125.4238457921225,2024-05-12
1305,1245,277.4178782778602,2024-02-19
1306,1245,195.9573941328044,2024-03-19
1307,1245,100.36905862845438,2023-12-13
1309,1245,123.32135050656476,2024-03-08
1311,1245,202.03256240040403,2024-01-24
1313,1245,199.40614583225465,2024-03-07
1314,1245,81.69142337189552,2024-02-27
1315,1245,167.77916537756326,2024-04-05
1316,1245,92.37883754196274,2024-05-19
1317,1245,291.7241078388718,2024-04-03
1319,1245,153.94834901261018,2024-02-14
1323,1247,151.50658560654043,2024-02-12
1324,1247,138.37143139659102,2024-04-27
1325,1248,219.4285453836837,2024-05-12
1328,1250,101.68201288901268,2024-04-25
1330,1250,178.64563656190896,2024-03-07
1331,1251,76.16735969913712,2024-02-03
1334,1251,104.3072068585794,2024-05-09
1336,1251,239.79082375864616,2024-02-03
1337,1251,144.36764807068278,2024-03-15
1338,1251,117.19886679084664,2024-04-20
1339,1251,168.33963455636786,2024-03-22
1341,1252,407.0334930043773,2024-01-30
1342,1252,87.32865656839817,2024-06-09
1345,1252,57.92835802958938,2023-12-10
1347,1252,140.45155495869454,2024-01-05
1348,1252,133.60688023381442,2024-02-17
1349,1252,140.45155495869454,2024-06-06
1350,1253,163.1804959895346,2024-05-19
1351,1253,229.8868174875243,2024-05-09
1354,1254,149.19781838513978,2024-06-23
1355,1254,299.13681406865754,2024-04-09
1357,1254,173.37904218392646,2024-02-09
1358,1254,110.96331428636935,2024-01-30
1359,1254,409.68879397883615,2024-01-14
1361,1255,88.3830686475257,2024-03-01
1365,1255,642.0929232514455,2024-04-28
1366,1255,192.92009118131745,2024-02-20
1368,1255,94.35651134103192,2024-05-30
1369,1256,189.69906782777093,2024-01-21
1370,1256,221.40126415323996,2024-01-09
1371,1256,123.9036721710876,2024-05-30
1372,1256,55.90271585961602,2024-01-22
1373,1256,61.20583166356384,2024-04-04
1374,1256,438.4933558105719,2024-03-08
1375,1256,102.05880359250426,2024-04-11
1377,1256,261.9318983226295,2024-02-28
1379,1258,110.2449505512302,2024-03-26
1380,1258,19.91492881343868,2024-05-02
1381,1258,43.841801807594,2024-05-20
1382,1258,67.15924081986233,2024-02-22
1383,1259,114.73344513726,2024-01-26
1384,1259,264.770109082116,2024-04-02
1385,1259,119.02449164254736,2024-01-04
1386,1259,226.2227172028948,2024-01-22
1387,1259,157.07392282482238,2024-01-29
1388,1259,438.6287883322321,2024-03-03
1390,1260,476.4985223858165,2024-02-20
1391,1260,124.6501773030191,2024-02-24
1392,1260,117.98940536762338,2024-04-15
1394,1260,413.8585681412762,2024-01-07
1395,1261,189.8822957165789,2024-01-15
1397,1263,321.9114297520392,2024-02-24
1398,1263,153.41083910304587,2024-03-11
1403,1263,37.65755707782469,2023-12-24
1404,1263,92.79986476070653,2023-12-21
1406,1263,59.537085793336246,2024-03-25
1407,1263,180.7400469698352,2024-04-24
1408,1263,279.865037424892,2024-03-09
1409,1263,267.8493971816787,2024-03-22
1411,1264,321.9587105404656,2024-06-03
1412,1264,343.0267739720503,2024-05-12
1414,1264,204.58476807670652,2024-02-22
1416,1266,249.4288872893793,2024-03-08
1420,1267,55.06710683849265,2024-03-28
1422,1268,153.64094178870272,2024-03-03
1423,1268,178.7228116738791,2024-03-03
1424,1268,197.44324877988987,2024-05-29
1425,1268,103.29738570739204,2024-05-22
1426,1268,76.63928051864673,2024-06-03
1428,1269,66.44047141590988,2024-05-20
1429,1269,229.95042960094395,2024-06-23
1430,1269,84.89362252634635,2024-03-16
1431,1269,163.18040030476018,2024-02-22
1434,1269,139.4052181199568,2024-05-17
1435,1269,52.132911009113286,2024-05-31
1436,1269,163.05601786646727,2024-04-29
1437,1270,75.75403481539504,2024-03-17
1439,1270,171.92675973318885,2024-01-26
1441,1270,81.602167474253,2023-12-09
1442,1270,84.79886285030821,2023-12-10
1443,1270,138.29748329039205,2024-06-19
1448,1272,71.81638703979205,2024-03-15
1449,1272,52.9525754942184,2024-04-03
1451,1274,90.4894070008793,2024-04-19
1452,1274,78.62737419875958,2024-06-10
1453,1275,518.9591912668645,2023-12-23
1454,1275,175.4488274750667,2024-01-02
1455,1275,156.4331880785425,2024-01-31
1456,1276,164.88226516037363,2024-02-29
1457,1276,115.88426574238486,2024-05-31
1458,1276,103.463585646135,2024-01-07
1459,1276,249.0423477262522,2024-05-17
1460,1276,43.04271148687427,2024-01-14
1462,1276,476.333066306448,2024-06-03
1463,1276,276.6650355186904,2024-06-23
1464,1276,234.751597224466,2024-01-20
1468,1277,188.33607538325347,2024-06-15
1471,1278,267.8304476689457,2024-05-12
1472,1278,128.75915775100142,2024-03-30
1475,1278,146.65002446073828,2024-05-24
1476,1279,127.90296986838788,2024-03-14
1477,1279,113.22801186357012,2024-05-03
1478,1279,177.0389266138242,2024-04-06
1480,1280,107.62936087111133,2024-05-23
1481,1280,102.50737867781758,2024-05-19
1483,1280,122.26301425177724,2024-04-17
1484,1281,119.06359945194338,2024-05-27
1487,1281,106.13612927950156,2024-06-25
1488,1281,123.07043586352884,2024-04-12
1489,1282,103.38143672974684,2024-01-11
1490,1282,148.57202012202998,2024-04-24
1491,1282,417.9727653298685,2024-02-04
1492,1283,159.66959972822755,2024-03-13
1493,1283,136.93752125505983,2024-04-16
1494,1283,65.44504583996425,2024-01-23
1497,1284,43.40074200309406,2024-01-06
1498,1284,117.99575526131125,2024-02-20
1501,1284,182.22890631208548,2024-04-02
1502,1284,468.8840403036183,2024-04-15
1504,1284,130.5614575096267,2024-01-18
1505,1284,184.52825047848884,2024-05-29
1506,1285,52.844492001470144,2024-05-28
1507,1285,40.78245198749124,2024-01-16
1508,1285,145.69685077964508,2024-06-09
1509,1285,218.38623789035125,2024-04-27
1510,1285,207.9222828853184,2024-05-27
1512,1286,240.96797932096035,2024-01-20
1514,1286,263.78099033259275,2024-02-08
1515,1286,91.4150079139315,2024-03-02
1516,1286,117.33792428416332,2024-06-13
1518,1286,109.64191687391362,2024-03-09
1520,1287,199.3767183333607,2024-05-16
1521,1287,76.81757158278909,2024-05-13
1523,1288,51.45680827349515,2024-03-21
1525,1288,128.32601663597055,2024-01-22
1526,1288,295.74045518436554,2024-05-30
1527,1289,232.72262301960345,2024-02-13
1529,1289,97.43897236064475,2024-03-01
1530,1289,87.75168857775985,2024-06-08
1531,1289,109.95558832357284,2024-05-27
1535,1290,95.79589293339636,2024-02-28
1537,1291,556.036771231816,2024-06-17
1538,1291,43.06424787246608,2024-04-13
1539,1291,154.67655118406003,2024-05-12
1542,1291,149.51833943032435,2024-03-28
1543,1291,120.548149137913,2024-01-30
1544,1291,125.337684471492,2024-06-16
1546,1291,156.36231106440363,2024-06-11
1547,1291,40.64983796424827,2024-04-06
1548,1291,101.66195093424666,2024-06-01
1549,1291,137.97716398296814,2024-02-28
1550,1292,356.0990072627775,2024-05-25
1553,1292,166.6746686187123,2024-03-03
1555,1292,85.19555215447053,2024-03-24
1557,1293,90.00282243434557,2024-03-08
1558,1293,98.69821647936512,2024-05-21
1559,1294,266.61994137084423,2024-05-20
1560,1294,259.43980416523635,2024-05-06
1561,1294,166.44660050665465,2024-01-15
1563,1294,81.45598594812115,2023-12-30
1564,1295,553.4445516073372,2024-02-10
1567,1295,81.42011671037952,2024-04-30
1568,1295,88.84939233505459,2024-03-06
1569,1296,103.29701553513956,2024-04-03
1570,1296,756.0986571321874,2024-03-25
1571,1296,140.70316315975327,2024-06-01
1573,1296,56.40817858776313,2024-01-08
1574,1296,252.56859927056573,2024-03-23
1575,1296,46.466983315468326,2024-06-25
1576,1297,106.75159942940472,2024-04-10
1577,1297,235.97094973985503,2024-04-23
1581,1299,69.82979620666528,2024-05-04
1582,1299,321.6686025182198,2024-03-24
1583,1300,256.17735742924106,2024-06-04
1584,1300,140.63974869614307,2024-02-22
1585,1300,75.50081015070688,2024-03-11
1587,1300,150.51783668947402,2024-05-07
1588,1300,400.4897464675276,2024-06-22
1589,1301,101.669253053755,2024-04-12
1593,1301,82.04603186093958,2024-04-14
1594,1301,229.02307524686609,2023-12-26
1597,1301,180.3419811627083,2024-06-03
1598,1301,210.25910683290988,2024-02-28
1599,1302,400.1133295035473,2024-04-25
1601,1302,157.75353737229963,2024-06-12
1604,1303,81.05452091289824,2024-02-15
1605,1303,97.44545726873451,2024-03-06
1606,1303,105.28898841831858,2024-02-04
1607,1303,36.48652739026489,2024-05-06
1608,1303,102.59491190555129,2024-02-29
1609,1303,126.94428381873652,2024-04-18
1610,1304,185.37096775388437,2024-06-15
1611,1304,165.63850896670024,2024-04-18
1612,1305,81.86600090772819,2024-03-18
1613,1305,249.09552781918413,2024-03-06
1614,1305,116.35851268816047,2024-03-31
1616,1306,52.681224967409214,2024-06-15
1618,1307,135.85442650986997,2024-02-20
1619,1307,74.11000369864288,2024-02-13
1623,1307,171.3763652244633,2024-02-04
1627,1308,175.68896911896957,2023-12-12
1628,1309,445.6512717250907,2024-02-27
1633,1310,91.38549840095811,2024-06-14
1635,1311,56.0204505866152,2024-04-08
1636,1311,319.7130740183006,2024-02-18
1637,1312,557.7335770800702,2024-05-30
1640,1312,58.22638092436897,2024-06-17
1641,1312,109.51035376600989,2023-12-15
1643,1312,205.7732315445094,2023-12-29
1646,1312,550.8366862527146,2023-12-15
1647,1312,279.68409972906727,2024-01-05
1649,1312,168.62792139846962,2024-05-05
1651,1312,97.21584260033798,2024-02-16
1652,1312,66.03843008414178,2024-03-03
1654,1313,78.75431410474687,2024-01-09
1655,1313,164.48935840110371,2024-06-08
1659,1313,122.73066910492388,2023-12-26
1660,1313,338.5564991813005,2024-05-18
1661,1313,101.47843275220498,2024-03-22
1662,1313,47.28806924974717,2024-04-15
1664,1314,104.08597253866712,2024-04-12
1669,1315,275.5663171314812,2024-04-04
1673,1316,143.44143629649022,2024-04-11
1674,1316,86.9852486241781,2024-04-30
1675,1317,243.77884200638417,2024-01-09
1676,1317,60.05083037079445,2024-04-27
1677,1317,394.68105337693993,2024-03-11
1678,1317,185.34225824056963,2024-01-12
1679,1317,89.79879227735792,2024-06-03
1680,1317,254.03644245047315,2024-02-21
1682,1317,165.54840331787076,2024-03-27
1683,1317,37.211308122642805,2024-02-06
1686,1318,102.5038582582253,2024-06-09
1688,1318,49.78273668411907,2024-05-25
1690,1319,133.9183124285097,2024-02-10
1695,1319,68.19777826855223,2024-01-15
1696,1320,133.40972405814884,2024-06-11
1697,1320,270.1209693335804,2024-02-13
1698,1320,168.41162188188505,2024-02-04
1699,1320,190.6152873875333,2024-04-26
1700,1320,82.20530089768131,2024-01-03
1701,1320,82.0629160973846,2024-01-28
1702,1320,231.5490870506248,2024-04-03
1703,1320,462.70475257917593,2024-04-06
1704,1321,126.73562664163973,2024-06-01
1706,1322,148.85107882053367,2024-05-20
1707,1323,126.23637799374896,2024-06-06
1709,1323,415.18843966634427,2024-06-11
1710,1324,293.99502326291923,2024-05-13
1712,1324,301.05894207190926,2024-01-12
1715,1324,258.99516549711285,2023-12-16
1716,1324,168.1901496229009,2024-03-02
1717,1324,193.93117442994432,2024-06-17
1718,1324,52.80710994128301,2024-06-24
1719,1324,149.8784369445958,2024-01-03
1720,1325,82.09149008976942,2024-04-15
1722,1326,49.1147752481621,2024-05-12
1724,1327,57.54549966015545,2024-04-26
1726,1327,139.02532390685226,2024-04-05
1727,1327,205.95215882099583,2024-06-01
1729,1327,66.90815084175226,2024-06-10
1730,1327,124.8209436533799,2024-04-15
1733,1328,294.7173961769701,2024-05-15
1734,1328,165.82204453144178,2024-02-25
1735,1329,154.62352291327787,2024-02-12
1736,1329,160.09822109868276,2024-05-11
1737,1329,82.33434222860022,2024-01-09
1739,1329,142.52708685909397,2024-04-12
1741,1329,75.60533766167373,2024-03-25
1743,1330,139.4508918253062,2024-03-26
1745,1330,62.43209734953325,2024-05-24
1746,1330,217.65520871212928,2024-03-29
1747,1330,346.854158015559,2024-05-18
1748,1330,87.8367904052679,2024-01-27
1749,1330,285.2766472932137,2024-04-27
1750,1330,54.04281618901933,2024-05-20
1753,1330,34.61231196560131,2023-12-19
1755,1330,358.985751002259,2024-01-18
1756,1330,239.19822870579057,2024-03-23
1758,1331,317.8416818970282,2024-06-15
1759,1331,72.78195837246264,2024-04-28
1760,1331,210.0500615921491,2024-03-27
1761,1331,118.50256465910569,2024-03-12
1762,1331,380.3574206401159,2024-01-14
1763,1331,120.78340430580388,2024-05-22
1764,1331,294.5133802163368,2024-06-10
1765,1331,72.07100478415721,2024-05-06
1766,1331,169.89048255561892,2024-05-09
1767,1332,41.728478800316495,2024-05-03
1768,1332,115.08366166415227,2024-04-11
1771,1333,179.05972168520566,2024-03-21
1772,1333,154.38393681841413,2024-05-22
1773,1333,174.00749163268844,2024-04-01
1774,1333,100.54454747191062,2024-04-10
1775,1333,117.95574496003026,2024-04-15
1776,1333,103.16706872978672,2024-02-26
1777,1333,347.9681537134064,2024-01-21
1778,1333,211.7207819217599,2024-06-11
1779,1333,192.6985242229992,2024-01-19
1781,1334,196.9273261055453,2024-02-09
1785,1334,40.69612071576816,2024-06-10
1786,1334,118.77673775329272,2024-03-21
1789,1334,75.64739233198134,2023-12-20
1790,1334,506.4333514761466,2024-05-04
1793,1335,427.4288285198329,2024-01-04
1794,1335,109.43928696087924,2024-03-21
1795,1335,186.2197257215968,2024-02-15
1797,1336,216.1832090277018,2024-03-05
1798,1336,144.13359447393782,2024-04-08
1803,1338,119.34432410939328,2024-04-06
1804,1338,177.31780056113817,2024-06-01
1805,1338,99.94156887924272,2024-02-04
1807,1339,210.93437251618255,2024-02-03
1808,1339,348.91603232246734,2024-02-24
1810,1339,146.2289407626827,2024-04-12
1811,1339,76.03058422720407,2024-06-06
1812,1339,301.75881097124324,2024-02-13
1814,1339,185.7689179415689,2024-01-24
1816,1340,138.8063547163787,2024-02-17
1817,1340,98.06542668140315,2024-02-29
1818,1340,265.4023735827741,2024-02-10
1820,1340,144.02123947615962,2024-04-15
1823,1340,314.3148484985855,2024-04-17
1824,1340,72.70903168306883,2024-05-09
1826,1340,104.95783359196793,2024-05-23
1827,1341,227.2791839814187,2024-06-05
1828,1341,145.92591156987223,2024-06-15
1829,1341,225.50511189296333,2024-01-24
1830,1341,120.48015306235928,2024-03-17
1831,1341,123.29539166717754,2024-01-03
1832,1342,138.83485575591635,2024-03-27
1837,1342,39.83766438932943,2024-02-24
1840,1343,133.44629749187052,2023-12-11
1841,1343,108.89797191446849,2023-12-14
1842,1343,190.5898691804932,2024-05-06
1844,1343,209.40292481591115,2024-01-30
1845,1343,260.70296164270985,2024-05-06
1849,1343,80.16000584630449,2024-06-15
1853,1345,110.5682148650442,2024-05-24
1854,1345,125.2540911648554,2024-06-25
1856,1345,160.4261687923776,2023-12-19
1857,1345,215.63264104482752,2024-04-18
1859,1345,115.9460296876886,2024-01-02
1860,1345,106.83730309460172,2023-12-23
1862,1346,143.42619636370222,2024-04-27
1863,1346,136.66458863794168,2024-06-09
1865,1347,329.5989522321809,2024-04-20
1866,1347,54.30692386980969,2024-05-10
1867,1347,169.26117522376137,2024-01-26
1868,1348,111.58254765197348,2023-12-22
1869,1348,364.0688659416144,2024-05-17
1870,1348,319.5970471932249,2023-12-27
1874,1348,226.15445480911623,2024-06-23
1875,1348,99.14305919150726,2024-03-05
1876,1348,181.6169635262079,2024-02-06
1879,1349,121.65137082716076,2024-02-20
1880,1349,194.22906499335056,2024-01-23
1881,1349,182.00854688455996,2024-01-15
1884,1349,213.6673254385337,2023-12-23
1885,1349,209.2803660429568,2024-02-07
1887,1349,214.34450681761516,2024-02-14
1888,1350,223.0858173356582,2024-04-05
1891,1351,152.53248625634595,2024-06-23
1892,1351,134.03594586395687,2024-01-24
1894,1351,79.62890115419003,2024-05-20
1896,1353,423.2209482466958,2024-06-12
1898,1354,194.17032059986457,2024-02-18
1899,1354,72.32900487149574,2024-03-25
1900,1354,114.89943279145416,2024-02-25
1902,1354,269.71587723960226,2024-05-22
1903,1354,176.8477698683213,2024-05-12
1904,1354,175.58821524738738,2024-03-06
1909,1355,202.66537351895036,2023-12-10
1913,1355,137.7953616387524,2024-03-12
1914,1356,231.8010145929691,2024-01-25
1916,1356,140.25168485276032,2024-02-11
1917,1356,277.6129873570424,2024-06-04
1919,1357,240.5066599933865,2024-04-26
1920,1357,244.0067949132653,2024-02-07
1922,1357,336.69304902408555,2024-02-04
1926,1357,152.20190134062085,2024-04-16
1928,1357,62.5673661895304,2024-03-20
1930,1358,278.7289269482404,2024-05-22
1932,1358,91.33704018235152,2024-06-05
1933,1358,132.92480869230326,2024-04-05
1934,1358,181.6725481374117,2024-02-17
1935,1359,118.44039667464052,2024-04-25
1936,1359,105.9901877479098,2024-05-04
1939,1360,134.68940314695467,2024-05-01
1941,1361,336.7091114332485,2023-12-23
1942,1361,129.68969156347805,2024-05-06
1943,1361,165.55481966671596,2024-06-06
1944,1361,253.4398662131406,2024-04-13
1946,1361,504.75861837960366,2023-12-30
1947,1362,136.64076662431296,2024-04-13
1950,1362,130.05636007940046,2024-06-11
1951,1363,85.20367021671562,2024-01-11
1953,1363,216.0164973750463,2024-01-22
1954,1363,361.68914126631256,2024-02-26
1955,1363,268.4425996566096,2024-01-31
1956,1363,93.18960518647924,2024-02-04
1957,1363,198.51026046301317,2024-02-19
1958,1364,123.83139269105652,2024-05-21
1959,1364,292.61995284639687,2024-01-07
1961,1364,212.0691973563054,2024-04-02
1964,1365,123.99860967954992,2024-04-30
1965,1365,258.22386341053794,2024-06-16
1966,1366,189.36122063808764,2024-04-10
1967,1366,236.07147603443445,2024-01-09
1968,1366,110.23080909996972,2024-01-14
1969,1366,162.2484402287045,2024-06-01
1970,1366,123.8362548605274,2023-12-24
1971,1366,63.12649735358982,2024-02-27
1974,1367,185.13745553929616,2024-05-30
1976,1368,183.82381462277195,2024-06-12
1978,1369,188.57828583281653,2023-12-31
1980,1369,168.25856715283444,2024-03-04
1982,1369,188.091565351463,2023-12-19
1983,1369,53.90263722800646,2024-02-19
1987,1370,111.0628239842434,2024-05-28
1988,1370,67.70950372302721,2024-06-17
1989,1370,377.5347670206463,2024-01-01
1992,1370,159.1591796798226,2023-12-27
1993,1370,122.49321408161084,2024-03-07
1995,1371,109.08085229645116,2024-04-13
1996,1371,108.76839110754683,2023-12-24
1997,1371,83.57557845247983,2024-04-30
1998,1371,249.33659190436995,2024-02-03
2000,1372,89.32307049120443,2024-06-12
2001,1372,143.25583387387326,2024-03-31
2002,1372,152.66112847220006,2024-01-05
2003,1372,163.76124992447717,2024-01-20
2006,1372,183.88251379439907,2024-02-03
2007,1372,423.2963107171134,2024-05-12
2008,1372,43.12621541428148,2024-02-22
2013,1372,101.54671614823975,2024-05-27
2015,1373,119.52387039659448,2024-05-22
2016,1373,318.41712168473646,2024-05-06
2017,1373,73.43370792242388,2024-01-05
2019,1373,50.37703037810124,2023-12-14
2020,1374,117.68593181910204,2024-04-08
2021,1374,270.6541336406122,2024-02-11
2022,1375,112.796550578825,2023-12-17
2024,1375,247.3602960056324,2024-03-09
2026,1375,435.5958696501549,2024-03-07
2028,1376,107.25621909456429,2024-04-30
2029,1376,127.03554284151612,2024-05-30
2032,1377,192.5293415230884,2024-04-03
2033,1377,117.75673673333723,2024-05-01
2035,1378,116.5153065242718,2024-04-28
2036,1378,282.5091372673392,2023-12-29
2037,1378,338.75455093591404,2024-02-01
2040,1379,387.40627342398494,2024-03-17
2041,1380,107.82662461421556,2024-05-12
2042,1380,220.26702169176477,2024-04-06
2043,1380,159.95045207550797,2023-12-18
2044,1380,133.99859045519696,2024-03-06
2045,1380,88.82875209499353,2024-04-11
2046,1380,125.942245618812,2024-01-15
2047,1380,133.32522811240972,2024-04-28
2049,1380,164.47492311125393,2024-02-12
2050,1380,140.98281459040493,2024-03-08
2051,1381,79.94479772230234,2024-06-12
2052,1381,109.08459173241891,2024-05-18
2054,1381,206.38525449159687,2024-03-19
2055,1381,101.74398854794995,2024-06-21
2056,1381,852.7492394857078,2024-01-03
2057,1381,170.74258112593242,2024-06-13
2058,1381,528.5206265250486,2024-01-16
2061,1381,176.80362178924074,2024-06-24
2063,1382,138.99446228613343,2024-02-04
2064,1382,222.15306319515037,2024-03-09
2065,1382,161.56177946315515,2024-02-13
2066,1382,330.04172536867696,2024-05-20
2067,1383,86.80898599978161,2024-06-03
2071,1385,66.72169293142868,2024-05-25
2072,1385,216.77309553165097,2024-06-25
2073,1386,152.84996796976003,2024-05-24
2075,1387,163.31724778716244,2024-01-19
2077,1388,331.1052818801167,2024-03-25
2078,1388,235.14274583714675,2024-04-21
2079,1388,153.92609890446934,2024-01-30
2080,1388,194.53442237080804,2024-05-05
2082,1389,94.56615743400631,2024-05-04
2083,1389,126.05362018057288,2024-04-20
2085,1390,105.62678757473408,2024-04-02
2087,1390,244.42917619611407,2024-04-11
2092,1392,393.1210290960288,2024-02-16
2093,1392,252.82116001158485,2024-06-10
2095,1392,136.9659529716595,2024-03-11
2096,1393,88.56501536207355,2024-03-20
2097,1393,84.188199787793,2024-03-25
2098,1393,218.65137905248488,2024-04-12
2101,1395,137.31069894564206,2023-12-26
2102,1395,106.22681825740575,2024-05-11
2103,1395,113.63204964662378,2024-01-20
2104,1395,205.4362346858001,2024-02-01
2105,1396,296.7821999632056,2024-03-27
2112,1399,78.99900838397203,2024-03-31
2113,1400,301.4488405251328,2024-05-31
