customer_id,country,city,tenure_days,freq,monetary,avg_amount,max_amount,recency_days,avg_gap_days,label_churn
1001,IN,Delhi,217,4,747.345631337,186.8364078343,305.8068682143,10.0,60.6666666667,0
1002,UK,London,91,3,543.9962227175,181.3320742392,296.6676839346,24.0,9.5,1
1003,US,NYC,139,2,720.3052244343,360.1526122171,540.1838121493,45.0,83.0,0
1004,IN,Delhi,168,2,551.1185035829,275.5592517915,457.4659718729,49.0,37.0,0
1005,SG,Singapore,265,6,1345.9331095394,224.3221849232,376.4396389374,94.0,15.4,0
1006,IN,Delhi,265,3,693.8092029575,231.2697343192,482.4296368345,70.0,48.0,0
1007,IN,Bengaluru,287,6,1147.6302007376,191.2717001229,466.6828870437,78.0,20.8,1
1008,US,Austin,109,3,294.9395624752,98.3131874917,107.8187761038,18.0,39.0,0
1009,SG,Singapore,167,1,104.989975932,104.989975932,104.989975932,21.0,,1
1010,SG,Singapore,144,2,471.9569540403,235.9784770201,299.0674810317,1.0,27.0,0
1011,SG,Singapore,295,8,1194.5921772901,149.3240221613,198.0670359983,36.0,16.8571428571,0
1012,US,SF,87,0,,,,,,0
1013,SG,Singapore,117,2,148.8496630086,74.4248315043,80.6149968767,87.0,30.0,1
1014,IN,Bengaluru,253,5,754.7480693166,150.9496138633,260.1886736911,95.0,17.0,0
1015,DE,Munich,260,2,512.0284265368,256.0142132684,318.2804960357,55.0,6.0,0
1016,UK,London,259,1,82.5146896151,82.5146896151,82.5146896151,61.0,,0
1017,US,SF,233,3,366.1824297305,122.0608099102,199.5352156954,36.0,44.5,1
1018,IN,Delhi,184,3,747.1802246552,249.0600748851,485.4209303585,17.0,33.0,0
1019,DE,Berlin,205,5,979.5952898805,195.9190579761,315.2776487947,41.0,37.5,0
1020,UK,Manchester,236,6,1141.9417281129,190.3236213521,375.5918771609,1.0,33.8,0
1021,SG,Singapore,165,2,376.6986830489,188.3493415245,288.6520975818,40.0,11.0,0
1022,IN,Hyderabad,269,5,819.7686402927,163.9537280585,233.22008101,27.0,41.75,0
1023,SG,Singapore,235,4,825.4131407119,206.353285178,379.6745420835,50.0,49.6666666667,0
1024,DE,Berlin,219,5,811.6551289765,162.3310257953,199.3062806385,21.0,26.25,0
1025,SG,Singapore,199,3,528.0153514191,176.0051171397,237.8119166786,124.0,34.5,1
1026,SG,Singapore,127,2,226.5310993679,113.2655496839,127.9569104951,92.0,18.0,1
1027,SG,Singapore,256,3,580.6670754737,193.5556918246,225.6384609817,101.0,37.0,0
1028,IN,Delhi,187,4,585.0457604185,146.2614401046,283.4989728505,28.0,34.0,0
1029,US,SF,169,2,253.9362808789,126.9681404394,179.7440699146,59.0,109.0,0
1030,IN,Bengaluru,289,4,537.7090942503,134.4272735626,194.7118814851,30.0,28.0,0
1031,IN,Hyderabad,166,7,1124.4567292888,160.6366756127,302.9846952037,8.0,24.5,0
1032,UK,Manchester,262,7,684.6485227168,97.8069318167,234.0084331643,37.0,23.0,0
1033,UK,London,285,3,797.3864202898,265.7954734299,393.0897421703,55.0,72.0,0
1034,UK,Manchester,91,1,93.3744342754,93.3744342754,93.3744342754,34.0,,0
1035,US,Austin,87,1,80.7328827726,80.7328827726,80.7328827726,7.0,,0
1036,UK,London,122,6,1123.0401247541,187.1733541257,528.8546179391,8.0,18.8,1
1037,SG,Singapore,233,3,915.0900540504,305.0300180168,541.0144011126,5.0,74.5,0
1038,SG,Singapore,278,7,850.7423768471,121.5346252639,256.5852965674,31.0,18.8333333333,0
1039,US,SF,149,1,158.4291322398,158.4291322398,158.4291322398,21.0,,0
1040,DE,Munich,203,2,548.2649281391,274.1324640696,414.4801515252,131.0,50.0,0
1041,SG,Singapore,273,5,1685.2251438307,337.0450287661,544.0283758261,7.0,46.0,0
1042,UK,London,191,2,443.8795584158,221.9397792079,307.427369511,23.0,36.0,0
1043,US,NYC,292,8,2184.8403639616,273.1050454952,460.3415839213,5.0,20.4285714286,0
1044,UK,Manchester,100,1,100.5284380511,100.5284380511,100.5284380511,81.0,,0
1045,UK,London,243,3,434.3610037385,144.7870012462,275.8282441749,6.0,92.0,0
1046,US,Austin,154,1,363.4396074576,363.4396074576,363.4396074576,22.0,,0
1047,UK,London,231,2,328.3935321478,164.1967660739,202.2619279815,105.0,41.0,0
1048,DE,Munich,185,4,1383.7789257054,345.9447314264,733.5600119154,35.0,31.6666666667,0
1049,DE,Berlin,179,2,411.8588296882,205.9294148441,252.110092293,134.0,45.0,0
1050,UK,London,259,4,591.9523474809,147.9880868702,178.1303795825,45.0,46.3333333333,0
1051,US,Austin,87,2,196.9476349519,98.473817476,111.6152630221,45.0,7.0,0
1052,SG,Singapore,129,2,364.4661337014,182.2330668507,246.769081416,29.0,73.0,0
1053,SG,Singapore,93,0,,,,,,1
1054,SG,Singapore,103,1,191.902566578,191.902566578,191.902566578,27.0,,1
1055,UK,London,168,3,740.5449597485,246.8483199162,338.3886635752,77.0,31.5,0
1056,US,Austin,97,1,159.799976148,159.799976148,159.799976148,61.0,,1
1057,DE,Berlin,280,3,506.2251143115,168.7417047705,206.6220389782,123.0,37.5,1
1058,IN,Delhi,256,6,669.5018142536,111.5836357089,161.8905676749,35.0,27.0,0
1059,US,Austin,290,9,1434.0165591192,159.3351732355,232.4665058224,52.0,16.625,0
1060,US,Austin,228,5,590.488881837,118.0977763674,174.4217408857,10.0,46.25,0
1061,DE,Berlin,214,8,1835.7221185959,229.4652648245,480.2170476609,4.0,27.5714285714,0
1062,DE,Munich,240,3,277.4983049353,92.4994349784,137.0697598579,79.0,51.5,0
1063,SG,Singapore,118,3,363.2192063873,121.0730687958,165.7216753785,16.0,40.5,1
1064,SG,Singapore,221,1,134.8608171999,134.8608171999,134.8608171999,11.0,,0
1065,SG,Singapore,238,4,596.6164029357,149.1541007339,166.4848248585,13.0,34.3333333333,1
1066,IN,Mumbai,180,5,697.3716732962,139.4743346592,375.7033436602,61.0,26.0,1
1067,UK,London,269,3,632.5675529112,210.8558509704,222.7789072638,63.0,63.0,0
1068,UK,Manchester,123,1,77.2117718347,77.2117718347,77.2117718347,69.0,,0
1069,US,SF,283,3,474.8995676391,158.2998558797,181.1103144939,22.0,30.0,0
1070,IN,Mumbai,83,0,,,,,,0
1071,SG,Singapore,130,3,347.7079834318,115.9026611439,189.4047929396,11.0,56.0,0
1072,SG,Singapore,256,1,487.86159114,487.86159114,487.86159114,22.0,,0
1073,UK,London,298,3,331.3253443989,110.4417814663,141.3284191987,33.0,81.5,0
1074,US,SF,120,4,866.6684952831,216.6671238208,348.4246230091,14.0,28.6666666667,0
1075,US,Austin,144,3,616.5059037362,205.5019679121,353.0650201009,12.0,15.0,0
1076,SG,Singapore,139,2,369.6623681934,184.8311840967,214.9066117361,53.0,37.0,0
1077,SG,Singapore,130,3,350.1722329786,116.7240776595,134.5596392996,13.0,26.0,1
1078,DE,Berlin,283,4,402.7730642851,100.6932660713,129.2514292658,59.0,28.6666666667,0
1079,IN,Mumbai,221,5,1137.1943289252,227.438865785,424.007160272,38.0,28.0,0
1080,UK,London,274,10,1511.6327652336,151.1632765234,423.9156604938,11.0,20.3333333333,0
1081,IN,Bengaluru,110,2,282.3215745037,141.1607872518,197.1922706842,36.0,40.0,1
1082,SG,Singapore,163,0,,,,,,1
1083,IN,Hyderabad,227,3,920.9261403468,306.9753801156,519.6033145003,78.0,19.0,0
1084,IN,Bengaluru,286,5,960.1642819648,192.032856393,313.155178492,9.0,31.25,0
1085,US,Austin,231,5,1197.6562571506,239.5312514301,427.0979416511,5.0,39.75,0
1086,DE,Berlin,228,5,748.0639077005,149.6127815401,258.7761247827,1.0,39.5,0
1087,UK,Manchester,139,0,,,,,,0
1088,US,Austin,159,6,1074.9176827692,179.1529471282,277.8421327122,4.0,30.6,0
1089,US,Austin,105,4,390.7605069018,97.6901267255,185.6932208263,53.0,4.6666666667,0
1090,UK,Manchester,196,4,807.9136088361,201.978402209,381.3859426036,128.0,22.3333333333,0
1091,UK,Manchester,273,4,519.2760667263,129.8190166816,183.0720909236,5.0,56.3333333333,0
1092,SG,Singapore,143,4,530.0025626861,132.5006406715,182.5395753831,64.0,23.0,1
1093,IN,Bengaluru,132,2,499.0999137103,249.5499568552,310.2530644812,96.0,36.0,0
1094,US,NYC,176,1,41.5783628609,41.5783628609,41.5783628609,121.0,,0
1095,UK,London,130,2,441.8161554357,220.9080777179,341.3821986953,113.0,0.0,1
1096,SG,Singapore,191,1,148.5776285952,148.5776285952,148.5776285952,34.0,,1
1097,SG,Singapore,185,3,599.669306471,199.8897688237,231.7630903746,51.0,61.0,0
1098,IN,Delhi,206,4,541.2494977261,135.3123744315,204.3921619035,25.0,37.3333333333,0
1099,IN,Bengaluru,294,3,306.0142426385,102.0047475462,142.9366158053,57.0,71.5,0
1100,IN,Delhi,276,7,1648.0621295522,235.4374470789,517.2154621971,6.0,26.8333333333,0
1101,UK,London,293,4,421.3531673432,105.3382918358,164.3960182763,1.0,31.0,1
1102,SG,Singapore,160,6,1002.9924691314,167.1654115219,325.3192960403,33.0,24.0,0
1103,UK,Manchester,230,2,399.7346331793,199.8673165897,278.4460365192,146.0,10.0,0
1104,US,Austin,188,3,463.664008312,154.5546694373,182.4781665325,11.0,36.5,1
1105,US,Austin,100,0,,,,,,0
1106,SG,Singapore,245,4,500.8646833811,125.2161708453,219.8673408342,21.0,45.0,1
1107,US,SF,209,5,1176.457678016,235.2915356032,444.8655586067,53.0,28.75,0
1108,DE,Berlin,134,5,791.0907029904,158.2181405981,352.8255464837,18.0,15.0,1
1109,IN,Delhi,249,6,884.9902822729,147.4983803788,193.4045851816,44.0,31.2,1
1110,DE,Munich,283,5,539.2983625639,107.8596725128,157.509063659,111.0,18.25,0
1111,DE,Munich,236,7,1605.1922447844,229.3131778263,518.856955579,66.0,21.5,0
1112,DE,Berlin,264,8,1738.4462327131,217.3057790891,544.0459121798,31.0,20.5714285714,1
1113,IN,Delhi,95,1,201.0097762833,201.0097762833,201.0097762833,81.0,,1
1114,DE,Munich,122,4,862.7387856947,215.6846964237,362.6607647677,3.0,36.0,1
1115,IN,Bengaluru,160,3,384.2287712653,128.0762570884,176.907905505,20.0,25.5,0
1116,US,NYC,108,0,,,,,,1
1117,SG,Singapore,123,2,256.4347827242,128.2173913621,164.8724372562,89.0,6.0,0
1118,US,SF,259,2,204.0003948429,102.0001974215,127.9125549804,54.0,42.0,1
1119,US,SF,103,0,,,,,,0
1120,DE,Berlin,181,2,386.2800006001,193.1400003001,242.0878346651,99.0,72.0,0
1121,IN,Hyderabad,122,4,317.9122087712,79.4780521928,127.725994325,46.0,21.0,0
1122,SG,Singapore,103,3,357.1754855658,119.0584951886,192.5295276842,8.0,10.0,1
1123,IN,Delhi,230,2,309.330127723,154.6650638615,269.4432664999,71.0,47.0,0
1124,IN,Bengaluru,275,7,1275.6493287809,182.2356183973,296.0015025092,19.0,21.6666666667,0
1125,US,SF,249,4,382.3362207372,95.5840551843,149.0537650536,13.0,12.3333333333,0
1126,DE,Munich,206,4,1173.0093632731,293.2523408183,659.257334048,34.0,40.6666666667,0
1127,US,SF,120,1,58.436653473,58.436653473,58.436653473,57.0,,0
1128,IN,Bengaluru,110,1,223.1279583364,223.1279583364,223.1279583364,35.0,,0
1129,DE,Berlin,298,3,353.9418475952,117.9806158651,146.4424637621,23.0,36.5,0
1130,DE,Munich,187,2,407.0659747864,203.5329873932,210.9665268217,100.0,82.0,0
1131,DE,Munich,208,7,1155.772953458,165.1104219226,326.6430208939,20.0,29.0,0
1132,DE,Munich,251,5,722.8320672907,144.5664134581,344.8002960941,67.0,29.25,0
1133,US,NYC,273,2,223.4382472133,111.7191236066,131.9952304915,97.0,90.0,0
1134,UK,London,225,7,1201.20709938,171.6010141971,328.7374031874,2.0,28.6666666667,0
1135,IN,Delhi,92,0,,,,,,0
1136,UK,London,229,2,226.6470987216,113.3235493608,153.8613076214,18.0,15.0,0
1137,IN,Hyderabad,186,7,1016.2931108213,145.1847301173,211.281550725,34.0,24.6666666667,1
1138,SG,Singapore,145,3,399.7213262119,133.2404420706,159.8832138743,5.0,67.5,0
1139,IN,Delhi,220,5,640.1547796281,128.0309559256,225.3603774169,19.0,39.75,0
1140,US,NYC,86,1,83.2501502182,83.2501502182,83.2501502182,22.0,,0
1141,SG,Singapore,88,1,109.8649975512,109.8649975512,109.8649975512,87.0,,0
1142,US,SF,244,5,981.2770433158,196.2554086632,348.034833964,93.0,21.75,0
1143,IN,Bengaluru,190,6,805.6226883079,134.2704480513,252.5766363976,57.0,26.6,1
1144,SG,Singapore,233,6,1145.6253411735,190.9375568622,440.5591074946,14.0,21.6,0
1145,SG,Singapore,237,5,865.7111878169,173.1422375634,260.317611983,21.0,39.0,1
1146,DE,Munich,291,3,722.8898113857,240.9632704619,489.3120358776,46.0,74.0,0
1147,UK,London,166,5,467.0791383699,93.415827674,140.4675337435,3.0,40.0,0
1148,UK,London,189,6,664.8945789564,110.8157631594,201.3742312409,29.0,25.8,0
1149,UK,Manchester,288,6,1184.5127329747,197.4187888291,411.4393368986,19.0,34.6,0
1150,US,Austin,238,5,744.2394733532,148.8478946706,211.6354652415,16.0,31.0,0
1151,UK,Manchester,100,0,,,,,,1
1152,UK,London,247,5,929.4831243682,185.8966248736,251.0623966113,34.0,33.25,0
1153,IN,Hyderabad,268,4,409.0718294236,102.2679573559,177.3182539813,23.0,37.3333333333,0
1154,SG,Singapore,192,3,724.4844390198,241.4948130066,298.181734077,52.0,17.5,1
1155,IN,Bengaluru,83,2,428.3670896162,214.1835448081,320.6307392347,39.0,26.0,1
1156,SG,Singapore,246,4,399.470635539,99.8676588847,186.3530957908,49.0,47.6666666667,0
1157,US,SF,152,2,393.5216006825,196.7608003412,282.7603736844,52.0,12.0,1
1158,IN,Bengaluru,132,4,594.9079282071,148.7269820518,169.0187864851,7.0,20.6666666667,0
1159,UK,Manchester,247,3,395.5935923789,131.864530793,155.5015892765,1.0,86.5,0
1160,US,SF,140,2,260.2579193514,130.1289596757,147.6924511714,66.0,38.0,0
1161,SG,Singapore,219,4,653.3759569603,163.3439892401,222.075832258,20.0,41.6666666667,0
1162,SG,Singapore,161,5,1248.3725441619,249.6745088324,781.5939700168,70.0,16.0,0
1163,SG,Singapore,160,4,635.4204290144,158.8551072536,275.7608728379,15.0,31.6666666667,1
1164,IN,Bengaluru,182,4,730.2919711377,182.5729927844,221.3536841907,74.0,34.0,0
1165,UK,London,280,2,369.6563471739,184.828173587,202.4538702769,92.0,9.0,0
1166,IN,Bengaluru,116,2,318.3586455143,159.1793227572,183.9444227449,24.0,76.0,1
1167,UK,Manchester,229,4,743.2611638435,185.8152909609,218.6238399713,43.0,25.6666666667,0
1168,SG,Singapore,259,5,764.9866081904,152.9973216381,296.8361333313,28.0,39.75,0
1169,UK,London,291,6,860.587662916,143.4312771527,211.180566492,6.0,31.4,1
1170,UK,Manchester,170,2,251.4910871041,125.7455435521,128.651633897,6.0,76.0,1
1171,UK,London,151,3,443.2151230844,147.7383743615,232.69976164,6.0,56.0,0
1172,IN,Hyderabad,296,3,886.5465985444,295.5155328481,346.7182092688,28.0,34.5,0
1173,UK,London,187,4,824.4731070726,206.1182767682,423.6392389302,66.0,22.6666666667,0
1174,IN,Mumbai,250,6,1444.4847963416,240.7474660569,396.0255319041,37.0,31.6,0
1175,US,Austin,158,5,702.6603378176,140.5320675635,199.2658028247,53.0,20.0,1
1176,UK,London,261,2,352.296468318,176.148234159,264.438349494,96.0,52.0,0
1177,DE,Munich,148,3,1087.6148053784,362.5382684595,509.1247445357,16.0,45.0,0
1178,SG,Singapore,215,5,679.3335353617,135.8667070723,253.0260112918,3.0,42.25,0
1179,IN,Delhi,94,1,95.4991909453,95.4991909453,95.4991909453,79.0,,1
1180,US,Austin,269,0,,,,,,0
1181,IN,Mumbai,225,3,364.6127199523,121.5375733174,239.5676700231,77.0,19.0,0
1182,SG,Singapore,275,3,591.853762404,197.284587468,275.2457496095,41.0,74.0,0
1183,DE,Berlin,96,1,121.2510177903,121.2510177903,121.2510177903,81.0,,1
1184,IN,Mumbai,107,2,181.3198903417,90.6599451708,109.0339851512,33.0,69.0,1
1185,UK,London,243,6,955.7310733289,159.2885122215,232.8800857472,26.0,31.2,0
1186,UK,London,155,5,1161.2338407437,232.2467681487,496.815808318,28.0,25.75,1
1187,US,Austin,120,3,435.0210330467,145.0070110156,207.9609184337,4.0,38.5,0
1188,IN,Mumbai,178,0,,,,,,0
1189,SG,Singapore,183,2,476.7547485671,238.3773742836,303.6836709469,9.0,126.0,1
1190,SG,Singapore,246,6,905.4655751269,150.9109291878,189.5729945466,7.0,36.2,1
1191,US,NYC,279,2,1102.2782267288,551.1391133644,694.5034921649,40.0,72.0,1
1192,US,SF,102,0,,,,,,0
1193,IN,Bengaluru,102,1,195.1759386172,195.1759386172,195.1759386172,70.0,,1
1194,UK,Manchester,160,3,499.9144867453,166.6381622484,256.0281621455,18.0,35.0,1
1195,US,SF,225,3,410.6242789108,136.8747596369,168.870549103,6.0,77.5,0
1196,US,Austin,223,3,382.446724146,127.482241382,235.081159149,19.0,66.5,0
1197,IN,Hyderabad,140,2,279.6171167326,139.8085583663,146.6609401848,102.0,24.0,0
1198,IN,Hyderabad,102,2,455.1480432076,227.5740216038,383.2789951932,79.0,20.0,0
1199,US,NYC,105,1,248.4736684613,248.4736684613,248.4736684613,72.0,,0
1200,DE,Munich,128,0,,,,,,1
1201,UK,London,159,3,804.4930219259,268.164340642,326.7858209714,26.0,44.5,1
1202,US,NYC,281,8,1290.187713355,161.2734641694,397.1199470018,6.0,24.4285714286,1
1203,US,SF,264,3,748.6018371932,249.5339457311,366.3080597366,36.0,66.5,0
1204,UK,Manchester,102,2,214.1145806697,107.0572903349,144.0122606594,54.0,16.0,0
1205,IN,Mumbai,166,5,783.665480251,156.7330960502,380.2806214638,39.0,30.5,0
1206,UK,Manchester,297,5,926.8996108151,185.379922163,320.6738631822,57.0,17.25,0
1207,SG,Singapore,277,6,619.2017746968,103.2002957828,150.2424466585,5.0,30.6,0
1208,IN,Delhi,154,0,,,,,,0
1209,UK,London,298,3,450.0860348292,150.0286782764,193.6287873641,41.0,29.5,0
1210,SG,Singapore,264,6,1183.8022000263,197.300366671,446.0902213184,47.0,19.0,0
1211,IN,Delhi,179,3,260.8267384509,86.9422461503,126.8772309722,47.0,40.5,1
1212,SG,Singapore,148,0,,,,,,1
1213,UK,Manchester,156,4,708.6292523207,177.1573130802,404.7864088598,40.0,28.0,1
1214,DE,Berlin,250,3,297.248314231,99.0827714103,142.2900789044,4.0,70.5,0
1215,DE,Berlin,143,4,838.8100399591,209.7025099898,519.4633240579,11.0,24.6666666667,1
1216,UK,London,247,6,1024.5916395831,170.7652732638,266.5143335538,3.0,29.4,1
1217,DE,Berlin,228,4,785.6345196473,196.4086299118,393.0567542595,32.0,24.0,1
1218,SG,Singapore,136,0,,,,,,0
1219,UK,Manchester,157,2,274.8281256716,137.4140628358,169.9931241305,27.0,34.0,0
1220,IN,Mumbai,113,0,,,,,,1
1221,SG,Singapore,155,3,886.6891397383,295.5630465794,401.5628993683,2.0,61.5,1
1222,IN,Mumbai,175,5,1316.7754088419,263.3550817684,724.3010684116,25.0,37.25,0
1223,SG,Singapore,279,3,500.8289115338,166.9429705113,202.1595210921,26.0,59.0,0
1224,DE,Munich,219,5,488.1599624839,97.6319924968,150.9695361411,26.0,42.5,0
1225,DE,Munich,241,1,150.3607932861,150.3607932861,150.3607932861,87.0,,1
1226,SG,Singapore,246,2,373.8487969445,186.9243984722,253.1560447068,33.0,109.0,1
1227,US,SF,86,0,,,,,,0
1228,DE,Berlin,213,3,236.6344260671,78.8781420224,135.6837193189,70.0,60.5,1
1229,SG,Singapore,104,1,266.225334404,266.225334404,266.225334404,63.0,,0
1230,DE,Berlin,161,4,546.6521229267,136.6630307317,202.8473391453,6.0,49.0,1
1231,UK,Manchester,125,1,428.4674174988,428.4674174988,428.4674174988,50.0,,0
1232,US,SF,189,3,518.6855025301,172.89516751,285.9662467588,65.0,47.5,0
1233,SG,Singapore,173,3,409.3935409983,136.4645136661,183.997832992,32.0,57.0,1
1234,DE,Munich,191,6,865.6270193749,144.2711698958,266.9535527154,46.0,27.6,0
1235,DE,Berlin,257,5,934.5510553187,186.9102110637,266.139224303,31.0,15.0,0
1236,SG,Singapore,141,3,621.8847635265,207.2949211755,286.8877217012,32.0,36.5,1
1237,US,Austin,238,8,1421.2098766973,177.6512345872,380.2401468944,28.0,24.0,0
1238,IN,Mumbai,294,6,1016.5051258959,169.4175209826,444.7880151055,6.0,37.6,1
1239,SG,Singapore,158,2,195.9639166965,97.9819583483,160.3919976174,31.0,64.0,1
1240,IN,Bengaluru,261,6,1680.3387012341,280.0564502057,409.6929363925,40.0,26.8,0
1241,UK,London,93,0,,,,,,1
1242,US,NYC,90,1,185.4975393143,185.4975393143,185.4975393143,17.0,,0
1243,IN,Delhi,99,0,,,,,,1
1244,US,SF,218,2,182.95566779,91.477833895,125.4238457921,45.0,33.0,0
1245,SG,Singapore,296,11,1886.0262729212,171.4569339019,291.7241078389,38.0,15.8,0
1246,DE,Munich,96,0,,,,,,1
1247,SG,Singapore,205,2,289.8780170031,144.9390085016,151.5065856065,60.0,75.0,0
1248,DE,Munich,87,1,219.4285453837,219.4285453837,219.4285453837,45.0,,0
1249,DE,Berlin,88,0,,,,,,1
1250,US,Austin,112,2,280.3276494509,140.1638247255,178.6456365619,62.0,49.0,0
1251,IN,Delhi,235,6,850.1715397343,141.6952566224,239.7908237586,48.0,19.2,0
1252,DE,Berlin,215,6,966.8004977536,161.1334162923,407.0334930044,17.0,36.4,0
1253,US,Austin,113,2,393.0673134771,196.5336567385,229.8868174875,38.0,10.0,0
1254,SG,Singapore,230,5,1142.3657829029,228.4731565806,409.6887939788,3.0,40.25,0
1255,IN,Bengaluru,262,4,1017.7525944213,254.4381486053,642.0929232514,27.0,33.3333333333,0
1256,IN,Hyderabad,177,8,1454.596609401,181.8245761751,438.4933558106,27.0,20.2857142857,0
1257,US,SF,94,0,,,,,,1
1258,SG,Singapore,147,4,241.1609219921,60.290230498,110.2449505512,37.0,29.3333333333,0
1259,DE,Munich,174,6,1320.4534742219,220.075579037,438.6287883322,85.0,17.8,1
1260,SG,Singapore,278,4,1132.9966731977,283.2491682994,476.4985223858,72.0,33.0,0
1261,US,Austin,164,1,189.8822957166,189.8822957166,189.8822957166,163.0,,1
1262,DE,Munich,82,0,,,,,,0
1263,UK,London,269,8,1393.7712580634,174.2214072579,321.911429752,63.0,17.8571428571,0
1264,UK,Manchester,186,3,869.5702525892,289.8567508631,343.0267739721,23.0,51.0,0
1265,US,SF,107,0,,,,,,1
1266,DE,Berlin,137,1,249.4288872894,249.4288872894,249.4288872894,110.0,,0
1267,UK,London,146,1,55.0671068385,55.0671068385,55.0671068385,90.0,,0
1268,UK,Manchester,145,5,709.7436684685,141.9487336937,197.4432487799,23.0,23.0,0
1269,UK,London,221,7,899.0590708435,128.4370101205,229.9504296009,3.0,20.3333333333,0
1270,US,NYC,235,5,552.3793081635,110.4758616327,171.9267597332,7.0,48.25,0
1271,US,SF,122,0,,,,,,0
1272,US,Austin,122,2,124.768962534,62.384481267,71.8163870398,84.0,19.0,1
1273,US,NYC,109,0,,,,,,0
1274,DE,Munich,99,2,169.1167811996,84.5583905998,90.4894070009,16.0,52.0,1
1275,UK,Manchester,187,3,850.8412068205,283.6137356068,518.9591912669,147.0,19.5,1
1276,DE,Berlin,189,8,1664.0648748116,208.0081093515,476.3330663064,3.0,24.0,0
1277,US,SF,124,1,188.3360753833,188.3360753833,188.3360753833,11.0,,0
1278,DE,Berlin,157,3,543.2396298807,181.0798766269,267.8304476689,33.0,27.5,0
1279,SG,Singapore,145,3,418.1699083458,139.3899694486,177.0389266138,54.0,25.0,1
1280,DE,Berlin,125,3,332.3997538007,110.7999179336,122.2630142518,34.0,18.0,0
1281,UK,Manchester,104,3,348.270164595,116.090054865,123.0704358635,1.0,37.0,0
1282,DE,Munich,225,3,669.9262221816,223.3087407272,417.9727653299,63.0,52.0,1
1283,SG,Singapore,217,3,362.0521668233,120.6840556078,159.6695997282,71.0,42.0,0
1284,DE,Berlin,279,6,1127.5991518682,187.933191978,468.8840403036,28.0,28.8,0
1285,UK,Manchester,173,5,665.6323155443,133.1264631089,218.3862378904,17.0,36.25,0
1286,DE,Berlin,292,5,823.1438187256,164.6287637451,263.7809903326,13.0,36.25,1
1287,DE,Munich,197,2,276.1942899161,138.0971449581,199.3767183334,41.0,3.0,0
1288,DE,Berlin,180,3,475.5232800938,158.5077600313,295.7404551844,27.0,64.5,0
1289,DE,Berlin,237,4,527.8688722816,131.9672180704,232.7226230196,18.0,38.6666666667,1
1290,SG,Singapore,170,1,95.7958929334,95.7958929334,95.7958929334,119.0,,0
1291,DE,Berlin,293,10,1585.8330072739,158.5833007274,556.0367712318,9.0,15.4444444444,1
1292,IN,Hyderabad,291,3,607.969228036,202.6564093453,356.0990072628,32.0,41.5,0
1293,US,SF,119,2,188.7010389137,94.3505194569,98.6982164794,36.0,74.0,1
1294,US,NYC,220,4,773.9623319909,193.4905829977,266.6199413708,37.0,47.3333333333,1
1295,UK,Manchester,272,3,723.7140606528,241.2380202176,553.4445516073,57.0,40.0,0
1296,UK,London,185,6,1355.5425970009,225.9237661668,756.0986571322,1.0,33.8,0
1297,DE,Munich,130,2,342.7225491693,171.3612745846,235.9709497399,64.0,13.0,0
1298,UK,Manchester,252,0,,,,,,1
1299,UK,Manchester,163,2,391.4983987249,195.7491993624,321.6686025182,53.0,41.0,0
1300,UK,London,281,5,1023.3254994331,204.6650998866,400.4897464675,4.0,30.25,1
1301,DE,Berlin,288,5,803.3394481572,160.6678896314,229.0230752469,23.0,40.0,0
1302,SG,Singapore,183,2,557.8668668758,278.9334334379,400.1133295035,14.0,48.0,0
1303,UK,London,181,6,549.8146897145,91.6357816191,126.9442838187,51.0,18.4,0
1304,IN,Delhi,160,2,351.0094767206,175.5047383603,185.3709677539,11.0,58.0,1
1305,IN,Bengaluru,140,3,447.3200414151,149.1066804717,249.0955278192,87.0,12.5,0
1306,US,NYC,85,1,52.6812249674,52.6812249674,52.6812249674,11.0,,1
1307,SG,Singapore,186,3,381.340795433,127.1135984777,171.3763652245,127.0,8.0,0
1308,US,NYC,229,1,175.688969119,175.688969119,175.688969119,197.0,,0
1309,DE,Berlin,125,1,445.6512717251,445.6512717251,445.6512717251,120.0,,1
1310,SG,Singapore,240,1,91.385498401,91.385498401,91.385498401,12.0,,0
1311,DE,Munich,203,2,375.7335246049,187.8667623025,319.7130740183,79.0,50.0,1
1312,UK,London,282,9,2093.6465233797,232.6273914866,557.7335770801,9.0,23.125,0
1313,SG,Singapore,294,6,853.297342794,142.216223799,338.5564991813,18.0,33.0,1
1314,US,SF,88,1,104.0859725387,104.0859725387,104.0859725387,75.0,,0
1315,IN,Delhi,116,1,275.5663171315,275.5663171315,275.5663171315,83.0,,0
1316,UK,Manchester,147,2,230.4266849207,115.2133424603,143.4414362965,57.0,19.0,0
1317,DE,Berlin,210,8,1430.447930163,178.8059912704,394.6810533769,23.0,20.8571428571,0
1318,IN,Bengaluru,261,2,152.2865949423,76.1432974712,102.5038582582,17.0,15.0,0
1319,IN,Mumbai,265,2,202.1160906971,101.0580453485,133.9183124285,137.0,26.0,0
1320,SG,Singapore,245,8,1621.079659286,202.6349574108,462.7047525792,15.0,22.8571428571,1
1321,SG,Singapore,179,1,126.7356266416,126.7356266416,126.7356266416,25.0,,0
1322,UK,Manchester,143,1,148.8510788205,148.8510788205,148.8510788205,37.0,,1
1323,UK,London,155,2,541.4248176601,270.71240883,415.1884396663,15.0,5.0,0
1324,SG,Singapore,238,7,1418.8560017707,202.6937145387,301.0589420719,2.0,31.8333333333,0
1325,IN,Hyderabad,90,1,82.0914900898,82.0914900898,82.0914900898,72.0,,0
1326,DE,Berlin,137,1,49.1147752482,49.1147752482,49.1147752482,45.0,,0
1327,DE,Munich,178,5,594.2520768831,118.8504153766,205.952158821,16.0,16.5,0
1328,DE,Berlin,165,2,460.5394407084,230.2697203542,294.717396177,42.0,80.0,0
1329,DE,Berlin,207,5,615.1885107613,123.0377021523,160.0982210987,46.0,30.75,0
1330,SG,Singapore,245,10,1826.3449014637,182.6344901464,358.9857510023,33.0,17.4444444444,0
1331,SG,Singapore,221,9,1756.7919590228,195.1991065581,380.3574206401,11.0,19.125,0
1332,DE,Munich,133,2,156.8121404645,78.4060702322,115.0836616642,54.0,22.0,1
1333,SG,Singapore,296,9,1581.5059711562,175.722885684,347.9681537134,15.0,18.0,0
1334,UK,London,274,5,938.4809283827,187.6961856765,506.4333514761,16.0,43.25,0
1335,IN,Mumbai,289,3,723.0878412023,241.0292804008,427.4288285198,97.0,38.5,0
1336,DE,Berlin,291,2,360.3168035016,180.1584017508,216.1832090277,79.0,34.0,0
1337,DE,Munich,112,0,,,,,,0
1338,UK,London,145,3,396.6036935498,132.2012311833,177.3178005611,25.0,59.0,1
1339,DE,Munich,195,6,1269.6376587413,211.6062764569,348.9160323225,20.0,26.8,0
1340,US,SF,278,7,1138.2771082303,162.6110154615,314.3148484986,34.0,17.1666666667,0
1341,US,SF,192,5,842.4857521738,168.4971504348,227.2791839814,11.0,41.0,1
1342,UK,Manchester,196,2,178.6725201452,89.3362600726,138.8348557559,91.0,32.0,0
1343,UK,Manchester,261,6,983.2000308918,163.8666718153,260.7029616427,11.0,37.4,0
1344,SG,Singapore,204,0,,,,,,0
1345,SG,Singapore,212,6,834.6644486494,139.1107414416,215.6326410448,1.0,37.8,0
1346,IN,Bengaluru,164,2,280.0907850016,140.0453925008,143.4261963637,17.0,43.0,0
1347,DE,Munich,160,3,553.1670513258,184.3890171086,329.5989522322,47.0,52.5,1
1348,SG,Singapore,290,6,1302.1629383136,217.0271563856,364.0688659416,3.0,36.8,0
1349,DE,Munich,217,6,1135.1811810042,189.1968635007,214.3445068176,127.0,11.8,0
1350,DE,Berlin,162,1,223.0858173357,223.0858173357,223.0858173357,82.0,,0
1351,IN,Mumbai,189,3,366.1973332745,122.0657777582,152.5324862563,3.0,75.5,0
1352,US,SF,111,0,,,,,,1
1353,US,SF,155,1,423.2209482467,423.2209482467,423.2209482467,14.0,,0
1354,SG,Singapore,264,6,1003.5506206181,167.2584367697,269.7158772396,35.0,18.8,0
1355,DE,Munich,284,2,340.4607351577,170.2303675789,202.665373519,106.0,93.0,0
1356,DE,Munich,158,3,649.6656868028,216.5552289343,277.612987357,22.0,65.5,0
1357,UK,Manchester,294,5,1035.9757714609,207.1951542922,336.6930490241,61.0,20.5,0
1358,UK,Manchester,171,4,684.6633239603,171.1658309901,278.7289269482,21.0,36.3333333333,1
1359,UK,London,93,2,224.4305844226,112.2152922113,118.4403966746,53.0,9.0,1
1360,IN,Bengaluru,173,1,134.689403147,134.689403147,134.689403147,56.0,,0
1361,UK,London,214,5,1390.1521072562,278.0304214512,504.7586183796,20.0,41.5,1
1362,SG,Singapore,158,2,266.6971267037,133.3485633519,136.6407666243,15.0,59.0,0
1363,US,NYC,199,6,1223.0517741642,203.8419623607,361.6891412663,121.0,9.2,0
1364,DE,Munich,180,3,628.5205428938,209.5068476313,292.6199528464,36.0,67.5,0
1365,SG,Singapore,93,2,382.2224730901,191.111236545,258.2238634105,10.0,47.0,1
1366,IN,Bengaluru,215,6,884.8746982153,147.4791163692,236.0714760344,25.0,32.0,0
1367,UK,London,88,1,185.1374555393,185.1374555393,185.1374555393,27.0,,1
1368,UK,London,101,1,183.8238146228,183.8238146228,183.8238146228,14.0,,1
1369,UK,London,257,4,598.8310555651,149.7077638913,188.5782858328,114.0,25.3333333333,0
1370,SG,Singapore,284,5,837.9594884894,167.5918976979,377.5347670206,9.0,43.25,0
1371,UK,London,277,4,550.7614137608,137.6903534402,249.3365919044,57.0,42.6666666667,1
1372,IN,Mumbai,295,8,1300.8530388358,162.6066298545,423.2963107171,14.0,22.7142857143,0
1373,US,Austin,279,4,561.7517303819,140.4379325955,318.4171216847,35.0,53.3333333333,0
1374,DE,Berlin,150,2,388.3400654597,194.1700327299,270.6541336406,79.0,57.0,1
1375,IN,Mumbai,284,3,795.7527162346,265.2509054115,435.5958696502,109.0,41.5,1
1376,DE,Munich,229,2,234.2917619361,117.145880968,127.0355428415,27.0,30.0,0
1377,DE,Munich,114,2,310.2860782564,155.1430391282,192.5293415231,56.0,28.0,1
1378,US,NYC,294,3,737.7789947275,245.9263315758,338.7545509359,59.0,60.5,0
1379,UK,Manchester,121,1,387.406273424,387.406273424,387.406273424,101.0,,0
1380,IN,Delhi,238,9,1275.5966523646,141.7329613738,220.2670216918,45.0,18.25,0
1381,DE,Munich,274,8,2225.9747014202,278.2468376775,852.7492394857,2.0,24.7142857143,0
1382,IN,Delhi,146,4,852.7510303131,213.1877575783,330.0417253687,37.0,35.3333333333,1
1383,US,NYC,161,1,86.8089859998,86.8089859998,86.8089859998,23.0,,0
1384,SG,Singapore,107,0,,,,,,1
1385,IN,Bengaluru,138,2,283.4947884631,141.7473942315,216.7730955317,1.0,31.0,1
1386,IN,Hyderabad,123,1,152.8499679698,152.8499679698,152.8499679698,33.0,,1
1387,SG,Singapore,238,1,163.3172477872,163.3172477872,163.3172477872,159.0,,0
1388,SG,Singapore,261,4,914.7085489925,228.6771372481,331.1052818801,52.0,32.0,1
1389,DE,Munich,135,2,220.6197776146,110.3098888073,126.0536201806,53.0,14.0,1
1390,UK,Manchester,122,2,350.0559637708,175.0279818854,244.4291761961,76.0,9.0,0
1391,UK,London,82,0,,,,,,0
1392,SG,Singapore,209,3,782.9081420793,260.9693806931,393.121029096,16.0,57.5,0
1393,US,Austin,218,3,391.4045942024,130.4681980675,218.6513790525,75.0,11.5,0
1394,US,SF,129,0,,,,,,1
1395,IN,Bengaluru,225,4,562.6058015355,140.6514503839,205.4362346858,46.0,45.6666666667,1
1396,US,NYC,95,1,296.7821999632,296.7821999632,296.7821999632,91.0,,0
1397,SG,Singapore,111,0,,,,,,0
1398,US,NYC,205,0,,,,,,0
1399,DE,Munich,135,1,78.999008384,78.999008384,78.999008384,87.0,,1
1400,SG,Singapore,134,1,301.4488405251,301.4488405251,301.4488405251,26.0,,0
