age,income,transactions
31.98685661204493,73993.55436586002,9.974465175076855
29.446942795315262,69246.33682912769,11.566443987853447
32.590754152402766,60596.303699201744,9.622740237000116
36.0921194256321,53530.63222294426,11.07611541108288
29.063386501106656,66982.2331361359,6.319155999138643
29.063452172203277,63934.853854217494,12.639881122118815
36.316851262029566,68951.93220027733,12.003616426086673
33.069738916611634,66351.7180168197,9.548734106795429
28.12210245626019,70495.52715319335,13.977737005297215
32.17024017434386,54647.64788439432,14.812710412879674
28.14632922875015,73173.94065634326,7.177320406893077
28.137080985718974,61975.996046923996,9.711825664301358
30.96784908626414,80752.60872625266,9.692572950638105
22.346879021368807,53108.12181910432,9.180290696673406
23.10032866994787,77359.63803165249,14.488424525795246
27.75084988303611,61979.10783462648,11.418521583681589
25.948675518662306,53485.819963855516,11.206455476068168
31.256989330381096,55161.141659456785,5.98841290677974
26.367903697915157,56796.5269180568,13.90625409062768
24.350785194658833,64241.65946401916,8.282224815439582
35.862595075686215,65228.35488035499,12.179797890798985
29.096894798053857,54262.99996061421,12.832130813874574
30.270112818751695,59756.45407739017,16.08197578751595
24.301007255146175,81422.70358611865,8.073538802642663
27.82246910189927,77275.43170100711,2.941463532537524
30.443690358839465,64363.23669674032,12.551548634261085
25.39602569031079,60380.034781682,17.401533544532562
31.502792073382686,61200.31326718261,15.716839058818312
27.59744524032478,66135.17972730417,12.628978245823877
28.833225000826893,49772.07434801594,10.525091443103857
27.593173551082412,57426.23462576655,14.421367789911931
37.40911273803575,43314.15926122411,9.079361400886594
29.946011101048263,63992.23122605279,13.429073308068658
25.769156284176397,66471.95939702741,13.51641047749988
33.29017964841275,55168.135377006256,15.18062972249664
25.11662540011591,75739.86763290034,20.278980116733234
30.835454380019023,47742.34336997659,13.177247901536301
22.161319504480897,45356.2511979018,10.473109122877503
24.687255804406277,62244.51818559972,11.923277063424017
30.787444943476494,70470.98302612154,6.692772285332645
32.95386631998164,76839.27691457869,9.915860606732824
30.68547312475988,55411.1573713106,10.772152685660688
29.53740687044704,70786.80833431295,10.427734806196222
28.795585217642845,59614.91530499293,12.457064616101166
24.08591203853029,58273.7270005918,9.532740202853399
27.120623166421165,68836.59937486672,15.363092001973413
28.15744491616085,66523.22878413419,12.000621194754592
34.22848890487566,44236.078430157504,11.972099036584156
31.374473158273844,74765.40349725896,11.016315850461247
22.947839378549062,73800.91354147451,12.465572051576938
31.296335877579182,53744.37298490471,14.475294794002904
28.459670878334734,63958.03533437409,9.398609352867298
27.292311998776164,64940.301862827386,10.02565053277423
32.446705155363475,62606.73765823907,11.088821913670007
34.1239980899838,54496.9484615458,7.962387229580355
33.725120476464795,53283.766320619485,9.542226420835506
26.643129907109447,59744.45929008555,10.571337379366023
28.76315049659514,71727.29019259365,14.623167542138184
31.325053725614257,65436.001545944324,12.787683987005774
33.90218050848944,56293.85667913894,12.580769734102633
28.08330304861884,67716.98710648344,14.552693886503917
29.25736409334473,31514.573793699245,11.58788463480181
25.574660103975887,71487.65700372103,13.171394549786669
25.215173503677317,42602.862212219,11.690334741202511
33.25010328957679,56375.590585968675,12.796087048198885
35.424960114283294,48803.30105373856,10.251724027165254
29.711959513678664,47053.18524279094,4.683548525170712
34.014131591568095,71608.2678737852,11.597162513441088
31.446544100190536,55322.98798688109,16.26824440829982
27.419520981579502,63465.038817307155,14.778646206724776
31.445582422033656,59530.79421120816,14.896192453773512
36.15214626586388,64770.408272231216,15.708392165418655
29.856695843560193,60768.218910602554,12.265972772884313
36.258574623256024,47170.077758114305,12.591947122216787
19.52101958364102,69962.6681944714,10.147044313696949
33.287610017500896,55062.43416838688,11.051781431918851
30.348188272952687,44434.181013402485,13.847313449313425
28.80397059813653,55718.84839034088,15.611653311506448
30.36704310614201,75007.59790634312,11.581661172957002
22.04972434159643,68502.21742113493,10.649432205445766
29.121312448649952,56513.47865592141,12.001583876569791
31.428450286046985,56507.42295681571,13.803620246787345
35.911576178966065,56783.64948782617,7.668435551599375
27.92691912690541,80767.4798356084,5.111457140588286
26.76602558842725,63819.35452231553,10.34838945152525
27.992971825661854,64300.4164719107,8.337862722257524
33.6616084708083,70302.83454031842,10.475579407058067
31.315004438638738,62387.891590265135,11.556659043547585
27.880959184931847,57409.578541792966,10.640254772930959
32.05306973245342,58036.501509150214,16.357402603412236
30.388310197392162,59283.98740585936,12.98023429380696
33.874579962131556,59627.777634901584,12.901423078832485
27.19178762449059,67276.2954363698,13.866621432130206
28.68935141360893,60519.458858073,8.583500646657694
28.431567387471368,67326.40077215579,15.117335362260807
24.145940207471526,59192.83419891418,11.77270714039362
31.184481108258304,60786.3519031609,14.011441851723639
31.044221088719556,40017.99315467892,8.784428300879533
30.020453826569845,69163.27674702482,7.338723701951807
29.061651466499413,63464.884758979926,14.453668974075086
24.338517031798343,69980.10109859653,13.12922857829255
28.317418708938565,31037.44621806311,9.293845336927468
28.62914193389292,80883.74704780728,9.391010756175916
26.790890923113523,58604.10371844826,15.376304353244308
29.354857153335963,71081.82816737516,8.431764321398017
31.616203427258153,49600.940728744696,16.92801885976789
37.54474360484212,66127.73905062569,9.298137796056395
30.698311251327357,49465.84436826344,13.91517577682515
31.030201562891058,53762.310393041946,11.014144572753047
29.70221633693533,79140.31353866786,13.80956229324703
22.324915138803835,58093.17599236654,10.367657993657422
29.893944498203133,62174.32873179723,11.511621281783118
30.240920839764104,68700.67730688755,12.122757526187163
39.852968449941145,64956.818879726045,8.993437632655581
29.23055614087551,61504.189051435766,14.222473036260379
31.20618936933445,63649.61002466225,10.460359300585244
29.861152921179027,84034.15585238276,11.314200253979944
25.32528784952187,59423.81202966414,9.016951876174463
34.571291258060086,62010.99046714968,4.3129990236140685
33.007732130747094,70506.54396007612,11.426916712199493
33.16412778817219,71055.25932957984,19.237846264838748
26.362450180821043,71870.3030556038,14.35381286369407
35.61117724374439,66387.30222029185,11.942218860796816
24.392595748830878,48569.95087269516,11.211327512375197
32.34742837520108,76334.31532301096,12.067397678436139
38.76182250323991,48536.54606981312,13.64135734552563
26.037854699477247,63026.354652390335,8.457561554073465
27.734809081588914,52457.24149980642,15.342965084006616
30.398605460350566,59358.616534070075,14.146143946323733
27.986097383535203,63287.6241030348,14.154557177123802
23.79734627573547,63213.57215450273,13.315427216429182
30.274251899224108,64219.207542352844,12.05884997308197
25.75078514509558,76137.11269058647,14.01858370790046
31.894369722540727,64535.3430151398,13.775442401224135
26.322303063064787,57558.433647093516,10.937877867176928
36.19973762007016,69640.87168288357,10.279194681309297
26.86698683065505,71894.70488924641,12.30556888578596
28.7117539351773,47723.921848630074,16.647060454485562
33.25406886947868,65974.00069849858,8.282678773038297
25.07654273426418,67011.72742310898,7.59742420274268
30.90983973841652,57024.364966400084,12.49428252370955
35.22857101712971,73757.06813311619,12.152663105568054
23.57006706175509,58499.44412967473,12.520024993111225
30.73853543412922,61255.764534715425,12.7318595937255
31.039531176993695,58269.281757161305,11.330393236095585
33.12729148710924,60155.790475814676,16.469590315806247
25.052197156487672,49037.24913104798,7.197288064570453
24.718173547662893,45599.49117405705,9.514508925659262
32.08776626246759,75945.05063224972,11.690235719552858
31.187938692932743,51530.386516816725,7.070433566537498
31.001971401383507,50086.076505436926,11.472436786703787
31.385792837987903,38466.09886396285,16.984410497184054
27.279901113686037,53610.38252310498,12.062659464887885
30.929014788644015,46769.10206592502,12.69210271715605
31.172289893194726,76420.15160136369,8.219505704482259
27.14259432789453,70098.17089342634,10.150915775881568
37.46309804457903,53118.49654822276,10.874410859028188
31.89533168364715,82524.35805344308,11.046854709731297
25.234786011189406,69817.65486991595,15.844931385011307
32.62621443453532,56751.68616491377,13.673073182175374
26.101273319090716,35005.94285126427,8.665626129188905
33.14833841496981,82909.42572590742,12.739514335296015
34.634382316029615,46104.275332364035,13.494665245490356
26.717270726593156,43546.01253043108,15.4204471155638
33.85350451697729,70225.7043200964,16.741622059705122
31.65112370774599,84397.52406339273,8.954717424516394
33.28824063997796,73842.72818510518,9.567427466368986
37.58717193061579,65639.0912005236,8.22726642325615
29.018447535988518,65947.54341665286,11.297940422679055
26.985055342570043,68534.15558780308,13.399075123339003
26.44194228149791,67589.28589786765,14.962003549767307
26.736758860138245,62811.91423969376,11.772146929072433
29.691593162343583,61042.01103951876,11.040457430235469
31.364607899266577,59374.068721004776,12.455273976746222
31.106763197320078,52460.35411133324,9.494571295109932
33.308732996144094,57193.24923133226,18.26861616508432
30.052007567511627,43070.43185804614,7.177016918645824
35.814136308629266,59016.6037320525,12.554221736687174
28.941372667048174,50114.088928490826,18.070818657688918
40.880676666358475,48964.10682784229,12.020399533679994
32.502669391060024,61798.94151153479,11.429882894995517
26.57136977433487,73920.02286344599,10.927663731568718
25.71643000775555,69183.16606002313,11.458824954712776
31.92988966097274,44294.993963768226,16.11854542402959
29.106148858696596,50103.71863429662,5.3644142660114795
32.85600197636837,69407.71187988216,16.600301103888977
31.89295049829418,50175.1260646169,7.728128542649564
29.708684349372508,57753.66850002975,11.200043012296756
26.61282512772638,65500.52099024552,10.712266739104015
23.940611101256543,50316.555451363645,13.76565980931216
28.213940191731915,61053.7550614596,7.205626944348757
33.425595177293886,46659.74505081795,13.386517998245829
30.856374976520815,53986.323560487865,18.072928869860558
25.017044885152046,63197.81934142537,7.910477986221569
30.692723703404727,44070.06266468331,12.569118502831188
31.541269518915346,64404.74737960399,10.014053466610173
26.46457025519547,59803.62201073319,13.277661618579106
30.61490042378211,65524.89954417148,12.057443332247257
30.232834873784,62239.141340646616,10.075539272867072
25.428118808677507,73641.40429973844,13.463616854613221
31.43114944139313,61252.245026479075,17.41304432936023
32.24313810547294,55705.94458874747,11.427288624818104
34.332204972701106,61222.975030322836,14.159273826444545
34.215208208139614,65432.98029036388,8.120181126386509
24.489322528171634,60488.60070325704,9.130690869545974
26.24869984033951,60405.916912038825,13.417218833641133
32.06014106883464,52980.08312193245,16.452348085607895
32.05514380364883,53370.99082449052,13.06684004635698
32.06019074522419,45973.947282003064,11.060825908430537
45.41092596261888,77495.76743186939,11.997874216270063
32.283562042772665,47561.36764608715,8.248776798090848
34.54226256072239,53070.948022040924,13.8135459790661
33.81600705397281,52815.927344308024,14.646999186970227
32.60556500522319,68949.24376944441,10.643729001500759
28.738923021438616,57050.50321707972,10.589873556721496
33.03587688197307,72477.42072673734,12.797634688956146
26.908699141849713,53265.09375756131,10.689840791878213
29.052725573039965,62789.94162223802,11.801602156122533
28.058545808683586,51646.529467402426,18.299165367499548
30.32749655754529,81451.49127773388,11.25892289776201
39.25863426669403,48124.01580970487,10.924979543936333
22.530939229633006,63098.20710227027,10.057374583094523
32.74504076149805,66337.76880932099,14.23257591449981
23.549136515241393,64137.990974514985,11.45632748034569
28.112272536842266,58147.123411222914,10.051880885035722
34.35580238786947,58701.79300266574,15.963912096819037
30.257120076381852,60438.1147197911,16.258809013540912
25.689020888282776,58529.979983715115,10.198729302783885
27.138785162960126,69638.7911679491,6.4003801459181515
32.7183909957387,82105.23001591352,15.022541069510766
27.078533473131454,54425.08214992166,9.946110522719987
30.8658343583279,46301.970204209225,14.371876797488305
30.182287359615255,59117.17951648745,6.089688546864494
27.39359860957673,85797.09337654318,14.677792014897928
38.5757763573013,51963.254320302694,8.366484212157657
32.535676089272044,76391.16805444067,14.192292357199573
21.899429653369573,76777.0081407644,12.042819203509302
30.74581725907771,54464.11758292005,9.138181741810065
27.352854140926446,65689.83079185276,10.778891061219658
33.409733339184896,76283.96623128538,14.058955370870102
26.8299170462692,56208.72259012513,12.317683359345702
29.541054234132403,57964.19639897638,13.753238941417452
32.019949115921825,54183.19086051356,17.929321753546457
33.46302077668049,49852.43269307133,7.307275164866846
25.198814371776894,53507.22454933993,16.85163772490587
28.661995056636208,47760.59733237744,12.313067812569638
28.100218755356174,60340.83468259226,9.303647855030615
27.386683069705153,52300.26768941358,8.00905912278303
37.061816961124386,62337.85911790748,11.4326388276689
31.61992684384382,44441.04353796373,14.764950335773378
24.95646418265982,63308.80232214457,11.617352638867397
33.671447788219105,68335.28961608924,16.533464790742045
38.48862478805053,40062.643574285445,7.646472929845324
34.12986104220459,63740.56569847572,11.963733156461837
23.922520136183948,72276.68992473293,8.242819666760642
28.063063708534994,47903.58981308794,13.090895647874904
35.06764459674649,76725.72386837704,14.6606621702919
27.169322137524876,64190.19009366045,10.73771461895684
31.775277712584913,52949.88144241591,4.187358430118597
33.098536213717345,59442.30922342294,12.596844440389484
26.29227811368767,65583.26912521722,13.310215655200528
29.7618985757528,60760.05391412412,13.212884264885092
17.03493063972371,65387.55992446369,15.707346575466463
25.90244943466284,50793.264069206336,8.786838961052855
28.98972739442736,61693.60824036078,14.040648316351348
25.008867272140602,45862.8550309502,15.577522537433925
36.52964521572654,58887.739386513,6.6642372479804495
24.27943448815747,50960.9235853521,12.958955477756932
28.239822053212066,52644.70057410233,10.487460506976985
30.522962309144365,72360.93175210437,11.755431980695063
35.76509315626446,70913.10120594269,13.043029450615009
24.256551395282244,66091.38120907177,10.538314307659343
34.65265500861984,49076.87235327421,9.972875762515164
30.04093224407835,56835.91550305198,12.102457252464074
26.073965395808195,72130.97699979183,8.738262183411592
31.84841389705308,61417.16913639905,8.742524613344443
30.79623878229388,83193.29539981694,14.03811984886951
27.59913249136482,63933.178393943715,8.55361789452403
30.279208339960075,61920.49116490032,13.998937502727635
28.45874561255296,56908.83535797499,13.387773878561854
30.45406938100499,61335.409047822825,6.822579813628209
32.648522698084186,58475.30163619456,9.967306042993034
36.34406726458141,67081.0867668859,15.582328209142117
25.048738004692602,69567.02316794584,9.056503406580955
38.532133498625065,52140.10539492051,10.606787213071836
22.19164880190999,46687.67046442222,13.38618267975569
29.392859619857667,41637.94626896703,14.350171527847786
32.35326882593831,65079.913269125434,11.245383341866512
31.12396747094013,48966.33393826126,10.207469415925075
27.509201920717626,38471.09407047517,16.267109585095522
29.1675109985709,63885.786045309644,17.216698991392736
28.02799626136467,84929.99517432791,14.936574152345386
27.642540972223152,59939.29088460107,12.255954427695071
33.3984083880841,68384.90774451641,9.57520283507722
31.42806194386019,60818.29358547565,9.508666780330305
27.228361618957383,59011.10346808857,13.567542315797272
33.598399501733006,69190.76482987769,13.255194662666051
31.229198083506436,57097.254558113484,16.204795778839287
33.25144847535584,62673.92314071903,13.951350277608418
32.51851536769445,63216.97806196014,7.490759094720546
26.68401995631171,53319.09546356951,15.155842853168757
27.759275839212123,69920.42349536523,9.005818118056762
32.98917442049305,58250.402433045914,10.848086184142945
32.44148106173386,52442.54840507155,12.750600618755083
29.916393624143407,65365.098435704036,17.987002469351893
30.469309533235126,51015.32018208963,21.329755668016084
35.1106595831537,60281.81157369128,13.820169177408548
27.63371444465668,59908.810033557966,11.450410143838836
32.188389524680154,70858.95565831578,13.603516945441651
29.191229390264425,64746.982328799524,14.662966277621507
29.129275187091118,59749.73041254856,11.037997123328426
34.39510740794876,68177.66299200286,17.385634067736966
33.30166539595212,73902.07549017313,12.690212277574206
33.254038544002555,65578.10306351862,13.493229267274183
35.22191522861732,60103.52619843381,13.997772756163384
30.084015366531037,46881.6376764984,13.264759831843367
32.727811885179854,49348.863369246275,14.516821501408836
28.758932973626177,56947.752956453325,10.148240440359231
31.296665409953768,53904.87797840717,10.325094738161908
29.47942778252926,58130.28697014554,8.699537301084916
30.387983859970873,60566.49924897107,13.318503691860679
32.380628101747654,65296.927543567304,14.336809510536343
26.72711726706611,59295.01221940909,13.373318598455658
38.36954910274184,64865.01643826202,17.02347730004261
25.975930474001192,60644.7441481012,11.98321194351286
25.143245548849073,40245.33433646129,14.006224966777538
34.63244349400027,50606.646061812455,8.724897371582056
33.16665077585174,58559.12444278385,10.838700892576798
32.49647926820862,47903.05257158892,14.086613272697333
32.51338203705712,65999.28729996204,14.547306332229432
29.95101290861234,75307.50832343698,11.118099157007453
26.410982514056673,72187.61851697316,11.785202244425799
30.303218232774906,57865.57129069792,7.446378759957572
27.291353153951555,74907.26136849952,10.928912397580172
33.900478933671,61486.67457202112,14.671149490559358
29.411770473991446,56629.14028881961,13.7256150483197
26.698011212829954,53865.9733645906,13.50199716414363
28.714456633388025,56975.30313511872,12.14932106154288
31.6517258171025,56118.231814587714,12.02118947588453
27.7451017887841,61704.16222375488,10.019036581579659
26.711118417734273,61605.73981049865,14.096485260607604
30.97474884596765,60030.460201534144,13.26291883316817
30.97986628443489,64369.3816974635,13.476056543978398
27.97222729851548,71906.4627478634,10.421895471997258
28.11584677752671,69495.54135441323,5.539971240386267
30.928199749430544,45151.020315500966,15.291458135261088
24.207662634010703,34460.78865098045,10.563487631974787
24.370144902493777,69343.19911239273,9.411672707870638
27.126223114990257,46331.21301584579,14.08043673574198
29.146211393152612,57752.345981073166,10.82396208024261
31.243630262392017,48298.86973940641,15.179809152139866
35.901424867798205,41980.1956241998,13.851017848730093
33.43063849280808,65414.62728204788,14.050707969601433
29.36024588014629,67591.55160302647,7.902132866398397
29.923935168389246,54234.8959927328,15.635831956159201
25.989882541448765,34089.5770785509,12.783751593701568
29.92594745603044,54537.55551747517,10.892168582261391
28.845365444319448,63918.04005402546,12.430165402026754
31.29087424135236,45210.88431225871,6.67129430130504
26.69107622579071,61833.599197791555,13.225958434442013
32.07738605696469,59846.90150827004,8.911885475453786
36.130955652010314,65792.91499601088,7.941989142469397
29.56495940617257,61195.80368414153,7.432922441346326
31.606846888395765,50269.31059118445,15.338065124969775
32.76057596684445,71965.71501664491,10.112209818921635
28.395118112456654,58414.7042697303,16.601183129749497
30.89636992724167,59726.95460490068,10.392595610843106
30.05036960312718,50667.32040926804,6.87792612722116
30.39070439419533,55567.1774880849,8.650426680154023
26.907960864578133,51151.97285973099,15.707434860020816
30.09804069703577,58270.53940076577,11.532305466189998
31.9919931649818,77117.08480142344,10.355138110528197
35.804574431180164,46280.98857068644,12.480054677558362
33.83708330434083,43864.38602123259,13.505348208502635
38.61272983004623,74711.70327493608,15.352196447707382
26.9306097484478,57906.76322848134,16.34549768967878
33.48928254688271,53309.27261340083,10.920694062632743
30.733368022953407,70399.04687396076,8.021856941753885
38.75921173287069,53943.84460263136,10.759604516630173
26.766806858579393,78260.09713546936,12.780841519748659
26.641112631276897,66779.25871339269,9.108723221368168
27.602429418223913,55120.885918542976,9.12854725531487
21.504417102760772,81573.08213265504,13.031363644649657
27.896979913276954,53942.850769966615,11.854042945288647
26.963469353785207,67420.95372009306,12.09839098623476
30.60157514590483,62992.92580406492,9.724513995899791
31.367023903108638,73017.41289398799,11.308797857382698
37.504683356863545,75615.11196726853,9.227300567195087
33.801695352744204,60320.04149065767,14.67059523337436
27.692385377350387,52465.82129653817,15.105748004171257
26.406341314606568,64599.72142939117,6.4614364132857185
31.967676686026024,53222.84630247894,9.211467419422771
24.71906717191743,80133.87247526622,7.510412234729763
37.325835063417415,61365.35331082738,10.049928196779305
34.71776048288515,56346.78448687891,11.749686090628918
28.123297391581183,61846.803058649086,7.6510643409044095
23.14746188363649,46528.73710470303,9.234420560624061
35.41548949666165,50283.85961489349,8.988127883755505
29.54184061898953,72004.13907944426,12.621801988196832
34.95126524789384,53431.057210286046,12.208033011108752
23.62228936482253,49530.8901731806,9.83478733998824
27.60249990818491,65366.52752527286,12.530462616418195
30.020974798872732,71857.04154662997,10.359959746238204
30.187922375058967,67189.53310665066,11.18503466902184
28.199738114083026,69960.47685805816,17.02035627089561
32.49139972939,52432.049114305395,16.021383155371044
25.729518282469623,45781.89333258156,8.101256289217208
29.430482059914826,75013.33651955487,14.489197253637524
30.481182526847597,56773.20161157864,14.434189663474776
32.057755336235,57491.669835449524,8.555210133742145
32.84645951235556,73281.94141849058,14.456332931264582
25.501431632648522,65562.3000940066,16.61379575523766
23.863543317057513,64558.877720816075,8.632365581266757
35.11070728759404,81650.02344901084,9.24749153695721
31.329256047918367,53564.817696198574,15.052984400530507
27.006053853773786,69278.40128081237,12.814485932476945
36.20460790209009,60570.13124897084,13.65442882571857
30.462698537171434,62685.92278863257,13.02176764920149
34.71718873625531,75284.68426412532,13.172087762784432
30.270073925640435,65078.357562896235,8.020583615066752
38.24299169952795,65382.96079049633,15.141953119864345
37.021363369772814,70725.07337309803,15.50876997728332
29.004143406083706,56350.47270457115,11.311827767795917
33.88628380381742,51607.903326609936,11.869569150558412
32.58150379834059,49551.90805978967,7.406677492332833
35.47452623012939,40336.43410623998,13.542764268053505
26.140306157679582,80562.07129940322,13.716172325142432
32.744205839993754,48967.916342783166,11.813426949002068
34.233697947398355,57787.46376414228,15.373060079611509
22.965042054307542,57231.86700111079,10.997768307060179
25.2669659493369,63074.06697809101,13.6938177776808
21.8430712889596,68157.37212539297,8.941006983923653
28.92237266222177,68604.73488359746,11.929343547377286
32.87016902318385,54169.22561431061,11.476937226291492
36.009428208384115,58328.782862135886,12.675923766122825
30.296379121679102,62825.799504883,10.891419213499924
36.514462182285165,57513.08873816453,11.605582212984997
24.479594167140434,76073.45576019993,14.47814151432452
23.186470242579382,64909.749516382515,10.689707288285348
29.777809204413526,67348.77786049817,7.180268697783962
31.53626179575723,66628.81268667412,17.24875171261626
29.86922100762363,71734.73857485325,16.14436223607146
21.730231599840494,61810.21558703707,8.123211914683143
29.643519841948848,47031.680520441536,14.069123415735582
24.78212199798059,63996.87951752642,10.49107568834597
32.67869019532015,53486.43106208171,12.79046164599318
31.466392984387394,54713.83318250243,12.882672387040481
26.240480854690578,65863.64018755093,11.296776599051034
27.944532330653225,72382.83071433636,9.648703003240811
25.763145912444195,60212.71576736062,9.928376843051222
29.749283610907312,63088.33012598964,9.251424253556273
33.82056928200495,77022.14944635238,9.504533375308666
26.057095814657824,62407.53179488568,11.798465129851934
32.01618606207138,86016.83114180395,9.852720032667744
27.878969526510236,65655.09645631544,14.04615619713786
26.828508670950622,42392.37240844182,16.46173846600778
29.57187856018177,67533.41621104532,10.259840275889871
25.859030710322504,63811.58384882778,12.718213501606131
27.78540277861127,72897.52754082746,13.499055330908801
25.208488429644607,66731.81351269959,13.416006812757823
37.858900531665554,58615.44016016226,12.227865803748262
30.141054207886913,47757.01763710634,14.228047255079167
27.201097968029657,57909.76742713975,13.446746858041971
30.85591964293689,51494.795457907,8.287012733018106
29.55068780123668,54194.765501952774,14.607468193167819
29.116121601867107,65885.7840442061,14.661872511800226
32.4566668001737,76699.04504351407,9.710141687464255
33.03003084018922,63946.715298229814,12.113813506342806
27.87799540955789,48041.169379648156,14.049986978433209
27.69672703742128,64446.02668220141,11.372058541261914
28.899793211393423,71966.31486645651,15.218934143298036
20.79231534105766,53902.17095680618,19.09161748385808
23.939235751205793,58659.82833327082,9.642041902095052
35.4674970697781,60146.88194729197,7.856866190538676
36.57987085400514,52151.0168691776,12.911455786814628
29.003855841774488,66482.8043384386,14.16468751537843
32.30622785222307,58790.51851392219,11.307400878465693
31.245000618174146,64195.324439070275,16.359781989963103
42.315523233820954,51125.078221979,7.984182600830254
34.4782996457383,55625.416996765896,14.078755869094834
29.488329634076933,67223.81357827771,10.18241753772332
26.177838237598298,56271.66847908233,17.15813371862189
23.57421471896971,77269.63851233406,17.977546059504355
30.813854543468892,56003.638143853976,9.700030236649956
26.974597018862788,62246.84725751886,10.35132859227426
24.310985161609302,69325.9083187309,14.578763660939405
27.413708463029895,45816.342670669685,10.838608050631457
25.67380798554242,42391.911880192245,11.863766346203285
36.748566540290255,44743.436854299056,12.07616526162723
33.5265590277978,72625.84103427183,6.240980531407031
29.96810943473353,54481.41854107553,11.958486761717289
35.919776555560105,85581.99285668253,9.930816677807478
30.309473230590473,54357.52401342611,10.520631532800683
26.554863194686945,61845.51303197037,16.33089601040644
36.092496309078626,75421.09952567876,8.230479317162231
32.155640174738636,80060.92888159123,14.439615560243933
25.851015382694175,80615.03576636397,11.163111209004574
29.238645287665566,72083.66230593143,11.160719494512497
26.497526986460972,70240.62525811463,14.371115688155134
24.468801076142654,65925.26949201184,13.020153883706671
33.70471019012656,67783.61076166638,13.711838991658592
37.63766656188052,54488.142836714665,14.904553981598584
24.405729704723434,51818.01116577693,11.006074850450032
32.25187694676228,59966.25542589048,10.16328979647675
27.397429723512694,58298.15377475072,8.744548420326606
28.051498464941215,55467.71950672725,9.523768410063134
27.630424303044524,66963.87447456716,20.847283275926173
26.544036921280735,69553.0520857051,15.73403874221036
30.194086511779307,60884.06886291847,7.9467769013759355
26.67619953435585,74775.30081055262,8.03262612976929
31.081827303119354,48583.10885866495,13.445598185155475
29.79904756220345,58063.405407202816,13.641794392133901
29.04420781253436,52831.77679397195,13.646651505952093
26.369745351833608,41334.6338292694,11.235132619338906
27.69291467772667,59173.19314157301,11.623637219991299
33.02156490330302,58782.52491616717,12.983638572478073
32.003668750497525,75134.49743242131,12.25767901887999
26.089779020805796,66308.11684554777,5.342098881757394
30.3973292217169,49758.13175670795,11.310601108274419
33.005548493487154,78540.92566334188,9.44578069721906
23.322378875514513,72210.33695525353,12.525634256725535
32.17344076951974,65820.97703468616,20.95577700781023
27.349504964216614,57735.15901150168,13.102444996422914
32.28239467437264,50405.607632765204,11.059410941482806
26.94696337382993,56277.93223928947,14.765404505931757
22.780471597341922,70887.48619704186,13.448063661627637
23.48983024846735,78845.8630593461,13.260283471355525
30.19233978664553,75432.43528272188,13.820551779647014
31.03889000688593,55111.50578213726,18.169630694488625
26.382733499582365,48803.825667109886,8.607334694022253
32.5543698351095,61408.86246911204,13.420896230434364
23.35391975092416,42315.60634437148,9.220856610055385
29.735680805410734,63231.67714184782,13.666537939026744
25.155935200950175,58523.97413701331,9.243940465541717
27.392655568791362,55339.63498131758,10.747899559184747
30.189594685265657,44052.969327332044,11.114730257286281
26.55834653886419,65136.001065697164,14.927450158034127
28.4617778230807,54672.991603380884,14.75536333182724
34.02517123685776,48300.831642897116,8.262847870660845
27.692432521907406,31277.377867183506,12.164802332999546
33.342768448260564,59724.85094949364,9.871260435752482
25.481172581369528,77722.51596669744,8.224485267973996
32.11921671166113,76612.5921454787,11.348948848726888
35.7662744826316,55429.03743413728,11.074551634632542
20.113421999490843,53977.879396382195,19.280149459036565
26.812418978118092,64687.74256075024,13.298879476082089
32.30828850872216,50016.14560811708,7.867147497737288
29.18781845582803,63017.91899819466,10.305677987487172
31.484583493485236,67660.8027838469,15.064149886288195
27.58405925313672,72269.33223884308,18.265328318609775
30.3463591498916,58998.45923520047,7.2420500632861255
29.37729105843168,57963.26249823034,6.360226844582865
34.67112824663923,51220.17413243439,17.612895526115345
31.017683373204854,51731.1964596014,13.168842532112711
31.35041064830081,57735.21108098473,9.3951218043709
28.35249213551013,63673.65506816178,13.603887258367307
28.049575103710026,69135.84626233249,4.092756782949367
28.269767248721518,51968.21049319655,12.010126519791482
31.577808569513188,74926.88568959522,12.983463518529256
28.31606207671895,57288.76398957431,14.772810418613489
31.15909942758565,59786.32705651564,8.958312143122388
38.30160319458176,52527.883208521765,12.257061484210077
33.484498813726766,35757.59739727058,9.223726121821239
28.695905871328634,68840.45396361049,12.766151267022952
34.80485568865578,67368.43897092433,9.313961032910928
28.367698507913794,57186.72442881786,10.775697482519337
21.847501859288585,60669.90717224872,9.012553815629314
25.967654756330383,65159.392177040994,13.953408725470972
22.51683231589658,44374.541431134574,14.575353349969996
28.593946063834764,54709.473226537055,11.29613829012776
30.073673516758205,67942.64679621827,12.114713984880085
36.70574924910113,47457.105768307505,7.654225756099367
31.30770949505665,62935.57932166629,11.100970055979639
29.123597884764543,46434.18195376595,11.849386148874766
33.317622324733954,64664.29982433526,19.862379273089925
21.15545876396846,59643.58517702516,8.664098922677509
30.942458232434262,43848.681840944904,16.392531716257313
33.08346077554787,71647.3935445717,14.990576320397423
24.085655016880633,52654.08423201951,12.841909213470409
34.575016172827716,51897.47562985619,17.2758614525854
31.353985629977657,62005.691972309425,13.116316417820588
28.338848344396794,71486.37349428715,13.167477587003786
32.53112746442514,49841.78181021603,11.840638040947365
39.08277143121758,60616.798498479715,15.670706647255884
30.727465020233982,64288.16500330573,15.289407701432651
30.992882345201345,66931.05607263144,10.122968137511362
28.162556401839023,61764.415552772254,8.042258416203698
26.60062252214083,56329.72160916678,11.391058087813029
33.32134326617698,51724.0977935128,9.599884306807061
26.57566469636453,60861.43883046375,11.809426276153935
30.28626494887757,49278.60988014393,15.712314404052417
28.089370212939535,30786.495165053926,10.62809503473963
31.915919302985568,64365.598041576675,11.871529856065276
31.334648421147794,69039.34841086195,12.174068204425186
34.1501597770316,36370.67564458161,14.545292646615854
27.959934404581013,49902.69295290062,5.259331998046184
28.920500258826515,66191.54261005198,10.17989911570411
26.084945136870772,80574.95469711699,12.633851076838418
28.222826959695553,60207.93707675408,15.600236869280584
31.509201972179408,52719.97058770865,10.524292657481384
33.027954466581406,58171.0355889516,6.370341881874378
26.311338703289497,73748.76419148185,13.859134337898409
33.478423680422644,53540.358208754646,10.093912833523111
35.4225514352198,52008.079933497465,8.431000022728917
31.653739612894803,55172.56477817967,10.126963830860328
37.507183250232266,50466.713917412875,11.446423927032452
26.904843203585706,61226.70315994795,10.18576600638536
25.021381186754333,76246.7845846956,5.383301828702793
22.885119004382886,63230.79273116029,14.691198590661397
35.98417724595673,57476.46497873712,15.824625123836167
32.61746262541623,57081.88731084456,13.954565974018518
29.77766131635818,44368.09191303343,8.58694298872555
31.11987450527928,68831.09777147158,11.395525398157446
25.498043810806493,59221.62802987198,11.980436054311626
39.783007918467305,58195.20086409374,13.79638316868573
30.51688472790091,91931.0756784486,14.005021466154243
30.437579178419572,62987.52908365686,9.797478603664512
32.90306649559477,52482.089499048154,12.245986669240681
31.924036926946854,55736.42403794457,13.371841213845723
30.895536097116526,71484.45709196755,16.3674669664403
26.83810217821875,61132.70410537764,14.11351961947417
31.885873428543984,45617.22021682633,14.367170062126558
37.52809798590013,69192.28934575204,12.251479883788083
35.38168018461991,53318.55914461006,16.23137743561051
36.37274650655759,78732.97776217546,13.229288387878492
27.95513729427526,70800.48065714649,9.416736269479289
26.041580718965676,55526.78104341249,16.21010991037557
29.49685231960141,72810.16361735112,14.093709817617082
30.22289964915478,60678.555105274034,10.670867936614552
34.37676607388379,68527.7367512222,10.56152109780227
23.230141481140723,64847.32817294475,12.889726635422285
36.11820127784245,51536.43345009127,13.389554385802754
29.367968405684042,53564.50167682538,12.591876796893619
28.29247572021032,70299.60817581162,12.933926020328654
25.95158249895933,56652.24667893459,17.099872123729142
23.380573312536924,55963.51536758003,15.214629456704657
33.29268233584766,50448.77420650647,12.571906773795073
30.293271868753614,64235.99065593461,14.823931742302449
24.840156401035784,80625.24919243145,8.902428289417381
24.819684911745536,49324.67085745727,13.193781149840426
28.656861202839487,60242.19456672758,17.427919049199332
36.67608610115757,74122.2055541543,11.34586231382288
28.96163459454558,59203.58608754285,9.457098214142746
23.987428187527577,64523.717962497336,10.043733334220818
29.01702774365622,49376.064718531205,8.731100887972834
28.90910572100932,64283.070972076486,9.64571427561689
19.212453428233715,58128.55734995451,10.888475704229913
29.782820533928753,69857.29995679863,7.783298942464074
29.076261879165287,71873.86051564751,12.04685500184881
32.784825459253675,85895.63642018614,14.706831521359941
37.39582437978138,65796.33173213576,9.276731459559239
34.50626011819103,63257.96316582167,16.557851770925307
28.924445237780677,61943.84301577336,13.532376265582784
25.57389636503332,56468.33707189312,15.091741756872171
40.293439212999445,63384.83843461691,10.02649633844359
30.23687373605795,57045.9858986097,14.563575681199847
30.055717167651785,61684.60976269614,8.724198298814061
29.903499651559986,73175.9753560796,14.670742502509526
30.79233904307142,49934.57434720359,12.515518019380593
29.42255835230423,71398.78561129046,13.659753659954351
27.705351972479054,73171.15067339866,8.473216183125444
27.81256423503843,58819.314730089216,9.314790473170186
29.868986919136006,38781.45100991405,13.791684654760154
27.82630091546494,53921.780129055674,9.154955987327398
27.14861686929134,72969.94546561109,13.38961887629737
30.425720910767588,59771.319377011176,7.898586580619263
28.98009113031658,50006.97767705089,14.544522638000004
36.01597195433075,54952.25078771783,8.302430055694472
19.396120766427952,68406.20026504553,13.656899813038569
34.36602740768985,65467.33568201379,13.876892800938002
34.98434076999052,57610.67900830306,9.909684544711276
21.706439070367402,56331.755881853125,13.74607970125418
28.629249623678604,56082.41850956178,12.781326790000668
28.514236536016835,50775.89815501498,10.383474431421785
24.369953221128714,76153.75689469442,8.974335947771376
26.8887332496365,56776.7953078866,6.112122924982263
25.557696618136685,72171.58520825497,13.04895014189908
37.00908177369449,75213.16051922452,7.305591685913835
33.74271357258984,69983.1089814796,12.286032598323924
35.08622037997664,55683.79687281951,11.209655351753252
32.88668825617294,64037.30090336609,14.037428326314586
25.483792915131083,59758.043936090835,11.093863501530407
27.901918934880904,50962.98139269872,11.011656640958726
31.957498244911672,63243.59281721603,14.195612112864886
25.111488764432217,48209.602088401974,13.005174087252353
32.85199372068955,71876.79388461563,12.948467871548335
29.03869840736746,55353.82702701607,13.40780276942558
28.50071676980161,62011.59655872839,7.393283630378683
32.843839872813966,62832.87871546142,14.270366039960946
31.77705324594416,57410.950262959224,13.837406382040808
28.55613533672368,65866.93801475274,8.94995061427051
34.63731921345699,55250.963433774756,11.267758578977396
25.67574668960041,68712.97297457245,11.882078137117107
32.463742427777056,46540.203197532515,11.596509646794802
32.372405031873534,61263.79579546412,13.001579899705604
28.761814242744038,79389.28999058285,16.29410034549355
31.30453208896847,49996.686753944254,15.245300183018486
24.995545694458787,53222.55029475148,8.063342419705782
33.696108076827606,65139.07849658915,13.866209970918145
29.260391454228042,61795.81781939598,15.986799958606229
27.90910791792384,63506.30099273559,13.160425562067608
34.196036903347554,64891.87130147663,15.272941275557901
27.18262523782896,66347.2146856177,18.036811337102296
24.366154814545762,71096.99841956224,15.071128638320944
23.773483305904385,64098.18656928513,12.747925786925187
32.424039805382556,57587.423453814576,15.13526542225426
24.87828259001487,66725.73701202731,12.434663499290673
37.019176727937456,78998.81934895215,12.071709129854867
21.672282368465112,58673.66253617426,10.945757292858803
36.78582547316015,50254.706953293586,16.690240076496323
30.844069868810475,71070.80669286972,9.544714002173997
29.61314755251843,58796.18836046402,16.59710317403435
27.820323652764202,38273.30453985964,13.499592371221114
31.596544457408285,68474.21677150422,7.802081475594175
29.849461190300605,54646.71814046077,13.102947878974264
34.41320752806609,59094.66717695839,5.6999204770451275
30.456910594648157,63319.80330569015,13.876524050493106
30.60120704584751,61904.99679779066,14.655694448966972
28.545551151144576,67094.5181713904,10.22293213304384
29.77221750511573,55645.13629430157,12.370643087866746
31.231207075568236,65131.05798176082,17.86247230125086
23.159326429373497,57404.53322416083,10.48275988721419
24.607258311577148,67388.10480887502,8.823277238830197
32.97305637609086,66153.67484013054,16.444990207387796
30.683461752511768,50645.61297955405,17.887761571592385
29.264066654589282,70859.82116175033,12.011087015543541
30.07373573226157,54640.36554885952,15.034389106225069
31.390326821446685,68080.57798281145,16.024427746592643
27.840961278762553,63672.8731340134,9.772547302384847
26.88678109839075,78381.83676795123,10.544082493896395
30.783381020390728,57765.340176281476,15.692623539464204
26.08650888953987,56506.83203881802,17.05504283612553
31.633011022857886,59805.80394112267,13.688642580523064
23.189665583048637,56968.20217165725,9.360556939493836
34.116622549302576,67999.4190194205,17.961183335098323
31.890389929652173,43836.89391563412,10.407087306564106
31.0241189372555,49463.175808536456,10.994586656485644
33.93076393578205,49321.97078420807,13.027013503468865
36.66189777785031,69503.07591973575,16.662481262144322
34.05748026007252,77106.13372581925,14.56192792965667
22.63650307467342,58955.507814625285,13.24459650108573
24.881692133057193,58311.782768099896,13.389865590354319
27.500725689217283,60700.521631131815,12.130544005930398
30.104364200843335,71618.7830260819,13.674418543555518
32.07063608187649,50726.46865809426,4.4113197669170905
27.097024747386136,62383.68982734785,11.110177622790605
30.747067057908314,69751.9762978243,12.723965804750343
26.97846827058671,65010.94169939845,8.546957749141479
27.553928788032206,61895.81616598743,13.15896995343468
24.37335561260711,70010.46092567142,11.386586337041635
26.307067015556385,32967.67707000763,17.266427094946472
24.593261577534665,66778.75319530908,16.719059175644567
26.09650698809067,53459.24316872576,10.602583292645512
34.21456718643136,41693.67103143543,11.547486865299915
26.20240444467223,65112.02599524981,11.778157303174822
40.52952825934956,73736.58545162958,10.645021571521132
31.973271603523557,58625.51485372308,12.58507495208438
30.739344494779495,69528.74547202939,9.72515379333723
26.566568879275145,76122.78257988645,8.608153995187422
32.80123951763596,73149.14453584047,13.868133671700805
27.697448695048905,76399.64529371393,13.888588752665433
30.488039258581445,67421.27491071892,9.587052721020022
40.24033815307518,60754.33638901593,14.686066292287798
29.6157604011014,43980.34188102832,10.105266812504006
34.59709330514271,57539.37511870051,12.759495714113944
27.18729429949645,51567.53404683808,14.461032037837368
29.860046038012154,81709.42717497813,11.899162305888861
37.08320254254204,58241.141875676636,13.364222736423404
27.49213176884893,61232.04806784486,10.450711068337284
37.249794231987714,65514.85376040467,11.410600249715708
32.8310077418219,60436.024463724534,11.38242170735898
27.75013289642293,76950.51040430753,9.760264960379283
32.529630956222086,53773.50638265548,11.469677510652653
33.89021779850692,61946.074552372425,7.35414510340876
32.48723984886878,52575.29414301952,10.526538758573686
23.719101120438175,46799.77488779294,11.145373519890988
27.091451296700527,53882.30909094714,11.23146074251386
29.00992545779398,59629.63202951588,11.275507662387664
29.702266283599815,55706.9777548274,11.814707400419612
32.48268839020271,53075.79020126144,13.438324554258191
30.710804003733017,45936.82536328166,14.623551222397568
24.658622565159597,59168.94427371305,10.0507043194552
31.520791404023853,44952.796259689974,8.390397433832566
32.44234298113529,67600.55963689603,8.87386676327069
32.23916179172416,60824.397529345035,10.538391236415219
34.323122902218486,45424.485005350696,10.944236046550472
33.33568861819562,56907.90922950137,9.690011801407628
31.83672031691375,52478.43594409417,8.111650007250317
29.719337154165412,63191.7451041918,10.631637517577435
23.356156265936036,73404.50446023144,12.544279860341915
31.718472876530342,41248.275303542556,13.785088397506694
30.830750748652445,61150.260791474175,10.327730840675036
31.086315348781493,58398.672044333594,10.761006533569699
24.893005696718763,66713.40076450465,9.219905073458069
25.67577383836695,62131.96628237689,11.905682488875671
34.212611413331615,52480.30668261181,9.454714097427557
29.84177938457338,56809.46064333382,13.7193834397236
32.7260027894905,52039.74143196511,6.642400524197667
30.113273504521846,70760.07138598598,10.921110982642613
30.119024557982982,60213.116486719424,12.903322017575226
33.75313522390399,79011.90685753008,12.551503548967514
27.935821087130506,59393.391861853794,20.079100991941488
30.384483107763934,52915.932330895375,13.049400073703723
28.15089884517983,44862.85607387173,8.987836209473969
28.262015090270737,41968.60323744055,11.71360725873278
28.763311506125444,44158.6405699451,6.671260999600644
30.88853508653485,62671.26651011483,11.758200752109717
28.08500551334609,65087.25023229934,9.500831828997724
35.023024502294085,44188.092979678666,14.746170826680485
26.421570791121983,68950.38314076116,10.351379176213396
29.252513423354564,55169.38948316561,11.64970225261426
28.2410757669033,61467.9301198555,10.093326475786789
35.78791153741493,76122.20628255424,17.216554055559996
30.7862191060463,68968.39315865532,11.036271701646266
34.12737815787454,57314.69352094168,17.497671130437606
24.057758507852114,51088.07774584713,14.4424552863548
31.068201063477034,38481.84598670695,13.446200182006159
33.55852318249375,52808.4668075758,13.106199441952558
30.3291359571017,57888.69761172306,13.181391894648755
34.26192150026141,50128.20472848816,6.21698226196317
27.930846199598513,58687.43032907695,11.163349817547731
35.63738976074232,60768.51882958768,14.535473913552964
39.195592494477,57751.44018191921,11.853308449577684
28.548645758241364,53499.9741917654,7.784430459589275
28.217989914396913,61686.546719667276,11.842786648267591
35.813537908470806,64419.40649569409,17.112316548766472
36.31828858292285,49096.00922557154,15.740675146604158
27.908559891386926,74109.3237974627,11.813987971901906
28.319252731616572,59014.118677157385,14.854347831174259
28.872861564557972,60188.49622944848,10.900478938895844
24.62219795586289,67082.14423256557,6.8883852395198435
26.325392214063207,62332.16131263501,9.226602035611336
25.98343693299173,69531.36633913245,16.688666305524592
26.928809739583485,62871.241652018245,11.178020754512087
29.861260450452875,53875.62625359562,11.269848061874946
30.936858930146084,63615.03525206102,11.100485411175358
36.20200197125631,48562.73792679339,17.71240976871902
26.006583837044836,61085.59705776523,16.87787674608619
33.937289593906335,59667.700093555395,18.6563407003444
29.144044623097965,57918.83142727461,11.522864368799846
29.802145161390268,58714.62488561069,12.886873466241285
32.699277968666415,41181.50954502361,7.450072351737626
25.509111913750807,54512.750922590385,16.430803278354823
31.529638984736202,60928.44901141115,8.496661346196195
30.665808832852225,61598.563919974,12.650326691287887
31.969805056032598,49723.24859074042,8.708092417101469
31.15667457563127,72657.07840864701,10.233399519783912
39.82120055964358,51338.251517854995,9.488212706850899
27.449040062994737,69694.57200526737,10.176374217972546
27.876012179992728,64271.94361871685,10.382631890553064
27.507437894300942,53537.72690156197,10.355193615224769
27.77809152335898,77753.10892609513,14.500001735340922
27.45045149077393,48063.631682435196,8.68541162081244
34.756066124430205,69191.54173610001,12.6616242810416
35.68201699195942,70005.82318042978,15.653877456916675
27.717014825002096,53293.79790923355,10.460410906459812
26.670577707583085,73924.65300064329,9.846243327757195
31.885662225545616,57499.534854010475,11.308426124459247
27.791107822876114,62886.93629279857,15.53917562508213
32.53172727102204,62603.21838771221,12.582322892860073
30.811692083405198,58656.91258529452,10.406357116177205
23.937023540011072,68108.08273159782,13.451629953564119
36.190020805320245,67934.88720552213,8.69312355049073
37.183510692382086,42514.68026761819,14.044078531328843
27.548845238062455,73043.40242878153,13.225821923105302
28.449193760256062,43375.08011964326,11.076574586583348
31.14346156289962,70325.46204341657,9.484242604658307
31.337827159948098,71267.05136827583,9.339957233149628
32.634177090691324,49090.335697848015,13.60445200903773
38.040818155065395,55891.85712045415,15.686941507467186
29.2922110900238,48942.95331514064,10.088076758913616
26.806811021846187,57850.78969711265,13.375160110654452
24.482723087941892,56919.65715814259,5.738918944193793
27.076279840232324,67796.6053226934,10.246146808028401
29.867492108504813,73103.08746119609,11.906823201387294
37.17823145407115,73956.83810789956,9.270949749054498
27.929554803855314,54378.31973421698,9.190480875631213
30.895151806555592,57907.78126255472,9.99666133059334
29.93430841570899,43165.618077790496,12.87657818497912
34.75357309379233,51941.299335038115,11.438012944780876
40.107729703494485,69648.51633097458,5.285306300025084
27.876524908318718,76155.82823548232,5.637899542094802
28.042242229927112,47656.51128120078,10.179404466428474
34.176643508276285,54075.357408471056,13.373059758160656
32.727565958505245,59735.94243041073,3.757485471824296
37.386829302944136,62801.611588196065,10.500809471545107
32.33571274130386,51903.964800783535,10.421256430447738
28.56283163685176,64240.6104446409,16.165013334625343
32.362619322769234,55261.60652929084,10.84493456486141
34.43481432233163,59855.47729121721,13.148966954222786
33.28192872478946,65462.842480037,12.42377142026239
32.02909612442919,60064.22269810938,5.608300560578398
34.26669875835662,55636.14109473431,14.304621649895212
34.67718236178269,58903.90196074169,12.646189516368864
35.52863596415011,59116.37040794665,13.52480591902377
32.59483955035857,56299.88970117872,23.778713119308982
29.331527678732584,57412.039373328975,5.747661181504235
30.58685474573329,75986.47170504717,17.174089949283324
34.82603586603343,65609.19447941238,11.137657441798932
26.732257316051054,57045.1968197084,12.861986713209028
31.474693235491603,66969.54404510735,11.863463264096273
28.426644750690556,56661.8051024399,10.72729099980587
30.11497929173927,71731.24637586641,10.290501215283724
35.11380745042919,63696.42192198094,12.988526206719028
30.764396272079612,58926.97855995771,7.448478909984963
30.185746192624595,64477.169258102775,14.251737502565296
24.560575436080324,44291.238479315005,10.751416785344238
32.985014264108884,48732.32531090195,8.609791982878926
32.5819367245643,48060.749936009444,10.64996142601256
38.65301889322184,61429.43094763707,15.771447650587719
28.768887060187996,77325.14999485092,10.393994738951331
30.876601310655754,82313.00146192632,13.07536085462886
30.997534734843022,66380.51101440757,9.80713117285358
36.3098131190539,65008.44474944457,14.273765549770859
29.61881787045219,41989.42265847261,14.056523216370612
31.116086103081358,54573.26200265978,17.545826499889234
32.43158603886616,52122.162480917614,11.473308163502354
30.74643649262543,53791.52401748884,14.00596441427372
28.214265541797886,58318.561814152104,12.294202618616834
30.77635997159323,55279.094223028726,15.887615345589044
34.294526999439086,40207.00189624212,9.843502837173808
25.89393880235576,67479.10256117534,14.235015938631843
30.531878696587505,49272.56974260193,11.415908111649955
27.199516740243308,62392.468641111496,11.807435468674507
34.78018651569937,80740.82669749974,12.275257453345118
23.9072523808649,50806.154084135764,12.756721189280032
27.764312610913645,34697.1247725367,11.651312870634126
31.508847500258085,57139.95778119889,12.644139549511578
36.262096116937364,71009.59634998572,16.734354172686555
29.73699895570805,79583.47454220593,14.956349056845655
27.779201893227206,47704.50405547583,14.60746377749069
37.52462827776236,64966.99223236521,10.633381421928387
24.207944398335023,55346.89543219947,9.332277515315027
21.204776173519672,58940.51645695864,14.865901674713259
31.76005780021333,86443.43347017035,14.628140377589382
27.991783102589554,44970.29671604847,16.418012027252946
25.91506873147715,62537.396614945734,10.188058122092311
32.83342578919741,64676.93171765433,11.311354033918958
30.975202855084795,70857.86324939347,7.081547512423698
27.743685477053088,60979.83153470895,10.82258668181738
24.87878240531642,63080.50539504102,14.989711531738342
33.48982931312058,56083.51432578209,10.600513862315406
32.60080471183464,62691.269412451074,13.921439385602472
29.60329654488247,56568.077245025896,11.428490682006565
37.38654798419066,66215.7188985605,12.972171084664682
25.71966093469539,56303.89663956366,8.556925830552998
23.897899316301043,63771.003939021866,12.255628348901704
27.232367720475022,59707.37186315022,3.0265920872978302
29.81765593457801,71260.50250772169,11.439311525514045
30.973357797290767,59486.06276411514,7.108580268854579
29.03505576857468,42269.675317931185,15.617983549640448
31.408221586057188,72619.21500713992,14.332222058293533
24.993842303238225,50942.67699137381,13.400012945898244
35.775058416293035,53462.3366135118,16.56301868147814
29.671395286429725,54043.38705956508,9.153250437525488
34.46918332635251,73744.38093170818,17.242089593746677
31.370901385510816,38643.257860213045,14.796574692781155
31.827012876615136,91377.48533659993,11.290334138343162
32.27906912092882,70560.56809066051,15.406860441548833
31.79083424006926,62232.3891412916,8.681119462765096
32.570891039470176,59451.05999383714,9.526457515416979
35.316610120529724,62855.54074857657,10.174230830280898
30.78608467880588,65211.22428379338,10.413066875807955
32.83601503035405,66452.15585950058,8.830327071719243
29.641057222851092,65556.04466003449,15.669249201285975
35.76046886179789,60895.80681255249,11.223436798890505
27.29443079176292,58026.61579692674,13.057514905070638
37.20376173164326,58487.26716346488,10.288945900758959
29.839368197422626,58050.91719647319,6.538190098354448
24.27689959152781,71337.70096867064,12.810172075174266
30.512417659643155,65935.56722280862,6.2632350737406695
27.275793370100477,30596.1136533572,11.794097861743595
33.3625741959549,66559.0077652976,7.895054883501569
27.389504082790438,61947.36194718775,17.961827997692424
28.21526626714088,59812.912435541024,14.734088166524165
22.441837076217876,56114.81546911114,12.317261373814441
28.190774723003692,71241.12719986013,15.791120032964006
20.304482693484175,69475.26462122858,9.461052067602793
23.664388706057107,52271.22332176391,13.630438136010278
33.04165862457719,64070.52287124535,12.599431301156141
33.14320063460333,50283.432654587144,12.79206024400101
31.70183024713986,46203.8183521107,15.817060500320304
26.132095427483147,53732.82775410035,14.197476308339407
29.809154575432082,68623.93472382758,12.86617098847507
29.985589843637726,69531.25045376086,7.035337691315112
25.36654124322983,65130.85420097293,9.119861114161608
36.0135932070686,67250.95786847998,11.631873199212828
33.50944916230269,65161.78287114958,12.280117122829953
29.116143304681344,53585.184047770475,8.609388825978229
30.107543355978123,64319.22544673941,19.235030026735263
30.83353123179021,68004.09525227682,16.54918216576072
21.833060526302837,67542.91329813574,13.806354961177451
29.01129046991761,71889.13371474642,12.216110583851234
27.272063008008807,67083.03847201064,11.363373090296545
25.993519960420336,63514.48207541583,9.144244619933293
28.87559882845618,70701.50238316428,12.232441555556587
37.19074610739809,59734.7874075094,12.773257620428252
32.56337144506804,51181.253487722825,8.274718273555127
27.715284040868813,58369.33036056236,13.002529251734693
32.290331125424636,52550.97355193551,11.534222853525753
